12075,4470,1.0,purchase,7
13875,4850,1.0,purchase,1
13327,3982,1.0,purchase,2
13601,4467,1.0,purchase,2
10858,4473,1.0,purchase,11
11601,4849,1.0,purchase,12
10863,4102,1.0,purchase,11
11602,4848,1.0,purchase,7
13874,4847,1.0,purchase,5
13874,5607,1.0,purchase,1
13873,4846,1.0,purchase,3
13356,4104,1.0,purchase,5
16268,7415,1.0,purchase,1
13272,6865,1.0,purchase,2
13272,3851,1.0,purchase,2
16267,7414,1.0,purchase,1
16266,7413,1.0,purchase,1
12521,4901,1.0,purchase,19
12521,4266,1.0,purchase,1
12521,4505,1.0,purchase,1
12521,4264,1.0,purchase,1
12521,4728,1.0,purchase,1
12521,4259,1.0,purchase,1
12274,5491,1.0,purchase,18
12274,4356,1.0,purchase,1
13840,5006,1.0,purchase,2
13840,4802,1.0,purchase,1
13840,6850,1.0,purchase,2
13840,8585,1.0,purchase,3
12602,3942,1.0,purchase,48
10380,4581,1.0,purchase,11
10414,3765,1.0,purchase,40
10414,7201,1.0,purchase,1
9324,4538,1.0,purchase,19
11344,3913,1.0,purchase,10
12833,4397,1.0,purchase,12
12733,3914,1.0,purchase,10
12733,7442,1.0,purchase,2
12220,4537,1.0,purchase,1
13360,4111,1.0,purchase,10
15065,6137,1.0,purchase,2
10625,5703,1.0,purchase,5
7320,7154,1.0,purchase,15
7320,4057,1.0,purchase,15
7320,8770,1.0,purchase,2
7320,8393,1.0,purchase,14
7320,4219,1.0,purchase,16
7320,4311,1.0,purchase,5
7320,6474,1.0,purchase,3
7320,8888,1.0,purchase,2
7320,6348,1.0,purchase,5
7320,7378,1.0,purchase,1
7320,8838,1.0,purchase,2
17042,8105,1.0,purchase,1
14957,8104,1.0,purchase,1
14957,6183,1.0,purchase,1
14957,6015,1.0,purchase,1
14957,6566,1.0,purchase,1
14957,9075,1.0,purchase,1
11203,4059,1.0,purchase,36
11083,4426,1.0,purchase,3
10716,3826,1.0,purchase,29
12904,4119,1.0,purchase,19
15698,6794,1.0,purchase,1
11081,4122,1.0,purchase,4
11706,4250,1.0,purchase,4
11458,4121,1.0,purchase,3
14343,5313,1.0,purchase,4
14342,4832,1.0,purchase,2
14436,4256,1.0,purchase,1
14435,5389,1.0,purchase,1
14434,3847,1.0,purchase,2
14433,5388,1.0,purchase,1
14432,4527,1.0,purchase,2
14140,3848,1.0,purchase,4
14139,4523,1.0,purchase,5
14138,4524,1.0,purchase,6
13666,3844,1.0,purchase,5
10739,5752,1.0,purchase,5
10370,3862,1.0,purchase,19
14346,5314,1.0,purchase,4
10507,3860,1.0,purchase,6
10674,4888,1.0,purchase,4
15062,3698,1000.0,purchase,1
14223,5191,1.0,purchase,4
12504,7441,1.0,purchase,3
12504,7253,1.0,purchase,1
10444,5014,1.0,purchase,10
13691,4051,1.0,purchase,18
13691,5950,1.0,purchase,2
13691,6361,1.0,purchase,1
13691,4570,1.0,purchase,1
13691,7203,1.0,purchase,1
12321,4458,1.0,purchase,10
12321,5263,1.0,purchase,11
12321,8779,1.0,purchase,4
12321,3743,1.0,purchase,1
12321,7241,1.0,purchase,1
13239,7866,1.0,purchase,1
13239,8718,1.0,purchase,4
13239,3755,1.0,purchase,16
13239,7219,1.0,purchase,1
7782,7865,1.0,purchase,1
7782,7190,1.0,purchase,1
11452,5691,1.0,purchase,12
11452,4320,1.0,purchase,13
11452,3818,1.0,purchase,2
11452,5329,1.0,purchase,1
11823,6388,1.0,purchase,7
11823,4365,1.0,purchase,2
10743,3817,1.0,purchase,17
16893,7706,1.0,purchase,2
16893,7507,1.0,purchase,2
16893,7976,1.0,purchase,4
16893,4711,1.0,purchase,2
16893,7503,1.0,purchase,1
16893,7907,1.0,purchase,2
16893,7919,1.0,purchase,1
16893,7836,1.0,purchase,2
16655,7711,1.0,purchase,2
12316,4634,1.0,purchase,18
12316,4030,1.0,purchase,3
12316,5206,1.0,purchase,1
12316,8828,1.0,purchase,1
12412,5299,1.0,purchase,3
12412,4043,1.0,purchase,1
14429,3892,1.0,purchase,8
14429,6307,1.0,purchase,1
11628,4224,1.0,purchase,26
11479,4742,1.0,purchase,10
12456,4873,1.0,purchase,15
12456,4710,1.0,purchase,2
16722,7812,1.0,purchase,4
10653,4359,1.0,purchase,44
11033,4653,1.0,purchase,18
13425,4188,1.0,purchase,6
10650,3975,1.0,purchase,24
10650,5520,1.0,purchase,1
12013,4654,1.0,purchase,18
15109,6175,0.000997,purchase,1
17119,8229,1.0,purchase,3
9307,4194,1.0,purchase,11
13433,4193,1.0,purchase,4
17768,4172,1.0,purchase,38
17768,4393,1.0,purchase,1
17768,5945,1.0,purchase,1
17768,5746,1.0,purchase,1
17768,4245,1.0,purchase,1
11862,5917,1.0,purchase,1
13756,4147,1.0,purchase,1
13755,4661,1.0,purchase,2
13382,4088,1.0,purchase,4
13908,4890,1.0,purchase,24
12829,3700,1.0,purchase,27
14955,5989,1.0,purchase,1
14954,5988,1.0,purchase,1
14953,5987,1.0,purchase,1
14952,5986,1.0,purchase,1
14951,5985,1.0,purchase,1
14950,5984,1.0,purchase,1
14950,6515,1.0,purchase,1
14949,5983,1.0,purchase,1
14948,5982,1.0,purchase,1
14947,5981,1.0,purchase,1
15900,7021,1.0,purchase,1
10501,4520,1.0,purchase,5
10501,4986,1.0,purchase,5
14055,4983,1.0,purchase,6
12275,5351,1.0,purchase,7
12910,6673,1.0,purchase,2
15561,6672,1.0,purchase,1
15560,6671,1.0,purchase,1
15559,6670,1.0,purchase,2
15558,6669,1.0,purchase,1
7274,7006,0.003333,purchase,1
7274,6269,0.003333,purchase,1
7274,8917,1.0,purchase,1
7274,7709,1.0,purchase,1
7274,4417,0.003333,purchase,2
7274,9206,0.003333,purchase,1
7274,6699,1.0,purchase,1
7274,5117,1.0,purchase,1
7274,6747,1.0,purchase,1
7274,8098,0.003333,purchase,1
12317,3891,1.0,purchase,14
10941,4323,1.0,purchase,26
10941,4837,1.0,purchase,1
10941,6398,1.0,purchase,1
10745,4918,0.004,purchase,9
16385,4316,1.0,purchase,2
16385,7510,1.0,purchase,2
12459,5384,1.0,purchase,6
15297,6352,1.0,purchase,1
14022,4968,1.0,purchase,3
9099,5890,1.0,purchase,2
9099,6475,1.0,purchase,3
15296,6351,1.0,purchase,2
15295,6350,1.0,purchase,1
11171,4218,1.0,purchase,41
11171,4325,3.0,purchase,1
13528,4393,1.0,purchase,32
13528,4172,1.0,purchase,1
13528,5896,1.0,purchase,1
13528,3865,1.0,purchase,1
13528,4474,1.0,purchase,2
16654,4265,1.0,purchase,4
16654,4330,1.0,purchase,1
12873,4330,1.0,purchase,12
12873,4244,1.0,purchase,1
13471,4259,1.0,purchase,1
13471,5244,1.0,purchase,1
13471,4264,1.0,purchase,10
13471,5746,1.0,purchase,1
12522,4505,1.0,purchase,32
12522,4901,1.0,purchase,1
12502,4264,1.0,purchase,1
12502,4259,1.0,purchase,27
12502,4728,1.0,purchase,2
12502,4260,1.0,purchase,1
12502,6343,1.0,purchase,1
12502,5159,1.0,purchase,1
12502,4245,1.0,purchase,1
12502,5426,1.0,purchase,1
12502,4901,1.0,purchase,1
14991,6038,1.0,purchase,7
16236,7392,1.0,purchase,2
15222,6270,1.0,purchase,1
14310,6268,1.0,purchase,1
14310,7193,1.0,purchase,2
14310,3906,1.0,purchase,5
14310,6704,1.0,purchase,1
14310,5255,1.0,purchase,1
14310,9604,1.0,purchase,1
14310,7969,1.0,purchase,1
15899,7020,1.0,purchase,1
18531,9071,1.0,purchase,1
18530,9070,1.0,purchase,1
10712,4216,1.0,purchase,14
10374,4566,1.0,purchase,19
15835,4567,1.0,purchase,3
13698,4567,1.0,purchase,6
11953,5896,1.0,purchase,21
11953,4257,1.0,purchase,1
11953,4393,1.0,purchase,1
11953,4753,1.0,purchase,1
14866,5899,1.0,purchase,1
10796,3856,1.0,purchase,10
11263,3757,1.0,purchase,10
10537,4723,1.0,purchase,11
14865,5898,1.0,purchase,1
11547,4423,1.0,purchase,5
18363,3695,1000.0,purchase,1
18092,4753,1.0,purchase,1
18092,5896,1.0,purchase,1
13393,4100,1.0,purchase,4
13392,4099,1.0,purchase,6
13391,4098,1.0,purchase,5
13390,4097,1.0,purchase,6
13389,4096,1.0,purchase,5
13388,4095,1.0,purchase,3
13387,4094,1.0,purchase,5
13386,4093,1.0,purchase,5
13385,4092,1.0,purchase,3
13384,4091,1.0,purchase,2
10657,4090,1.0,purchase,9
15608,4369,1.0,purchase,11
13463,4190,1.0,purchase,11
15585,6696,1.0,purchase,1
15584,6695,1.0,purchase,1
15583,6694,1.0,purchase,1
15582,6693,12.0,purchase,1
15581,6692,36.0,purchase,1
15580,6691,36.0,purchase,1
15579,6690,1.0,purchase,1
15578,6689,1.0,purchase,1
15577,6688,1.0,purchase,1
15576,6687,1.0,purchase,1
15575,6686,1.0,purchase,1
15574,6685,1.0,purchase,1
10392,3958,1.0,purchase,10
13325,3698,1000.0,purchase,1
15729,4954,1.0,purchase,6
7711,4955,1.0,purchase,12
14033,4953,1.0,purchase,9
14032,4952,1.0,purchase,6
17856,8853,1.0,purchase,1
17223,8267,1.0,purchase,1
17222,8266,10000.0,purchase,1
14315,5273,1.0,purchase,7
11802,7330,1.0,purchase,1
10377,4304,1.0,purchase,6
10377,5480,1.0,purchase,3
10377,6242,1.0,purchase,5
10377,5188,0.02,purchase,1
10377,5030,0.02,purchase,1
12204,5159,1.0,purchase,18
12204,5521,1.0,purchase,1
12204,4172,1.0,purchase,1
13104,4435,1.0,purchase,13
13808,4752,1.0,purchase,1
12417,3798,1.0,purchase,1
13270,3796,1.0,purchase,3
14908,5951,1.0,purchase,2
12053,5676,1.0,purchase,8
12482,4072,0.666667,purchase,2
12482,3743,0.333333,purchase,1
12482,5409,1.0,purchase,3
12482,5887,1.0,purchase,6
12482,6830,1.0,purchase,1
12482,3752,1.0,purchase,1
12482,3753,1.0,purchase,11
12482,8966,2.0,purchase,1
12482,7554,1.0,purchase,1
12482,9390,1.0,purchase,1
12482,5407,0.1,purchase,1
12482,3740,0.25,purchase,1
11579,7840,1.0,purchase,12
11579,3753,1.0,purchase,1
11579,8373,1.0,purchase,1
11579,3752,1.0,purchase,16
11579,3751,1.0,purchase,1
11579,5410,5.0,purchase,2
11579,8967,2.0,purchase,1
11579,7249,0.142857,purchase,1
17817,4534,1.0,purchase,4
12764,5290,1.0,purchase,11
12764,4302,1.0,purchase,2
12764,4930,1.0,purchase,1
12764,5114,1.0,purchase,1
12764,4632,1.0,purchase,1
17973,5889,1.0,purchase,2
17815,8783,1.0,purchase,8
17816,8540,0.025,purchase,1
17816,8902,1.0,purchase,7
17816,4735,1.0,purchase,1
17816,4926,0.083333,purchase,1
17972,8782,1.0,purchase,10
17945,7645,1.0,purchase,1
17943,5347,1.0,purchase,2
17944,5408,1.0,purchase,1
16125,5885,1.0,purchase,22
16125,4239,1.0,purchase,8
16125,8719,1.0,purchase,2
16125,4050,1.0,purchase,1
16125,7207,1.0,purchase,1
16125,7244,1.0,purchase,1
7527,4236,1.0,purchase,3
7527,5260,1.0,purchase,3
7527,9606,1.0,purchase,1
13450,8780,1.0,purchase,1
13450,4240,1.0,purchase,12
11798,8903,1.0,purchase,2
17947,4240,1.0,purchase,1
17947,9462,1.0,purchase,1
7204,3743,1.0,purchase,23
7204,3751,3.0,purchase,1
7204,5536,1.0,purchase,3
7204,5410,15.0,purchase,1
7204,8455,2.0,purchase,1
7204,7237,1.0,purchase,1
12345,8717,1.0,purchase,5
12345,4049,1.0,purchase,12
12345,5570,1.0,purchase,10
12345,6706,1.0,purchase,10
12345,7192,1.0,purchase,1
12345,7240,1.0,purchase,1
12341,3746,1.0,purchase,14
12341,3749,0.6,purchase,1
12341,8778,0.18,purchase,1
12341,3911,0.666667,purchase,1
12343,3749,1.0,purchase,17
12343,3746,1.666667,purchase,1
8086,8227,1.0,purchase,7
8086,4788,1.0,purchase,7
8086,4532,1.0,purchase,2
8086,7646,1.0,purchase,4
8086,5938,1.0,purchase,1
8086,7530,1.0,purchase,1
8086,4533,0.5,purchase,1
8086,4761,1.0,purchase,1
8086,6190,1.0,purchase,1
8086,7234,1.0,purchase,1
12342,8904,1.0,purchase,1
12342,3750,1.0,purchase,15
11389,4237,1.0,purchase,17
11389,5404,1.0,purchase,1
11389,6798,1.0,purchase,3
11389,5515,1.0,purchase,3
11389,7255,1.0,purchase,1
17941,8905,1.0,purchase,2
16746,4066,1.0,purchase,13
16746,7839,1.0,purchase,7
16746,4077,1.0,purchase,1
16746,3740,1.0,purchase,1
7944,5409,1.5,purchase,1
7944,4072,1.0,purchase,9
7944,9390,1.5,purchase,1
7944,4078,0.01,purchase,1
7944,7228,1.0,purchase,1
17946,8902,40.0,purchase,1
17946,8952,1.0,purchase,1
7523,8831,1.0,purchase,2
7523,9394,0.5,purchase,1
17942,8906,1.0,purchase,1
15292,6347,1.0,purchase,2
15451,6540,1.0,purchase,1
15450,6539,1.0,purchase,1
13467,4260,1.0,purchase,12
11514,4244,1.0,purchase,24
11514,4330,1.0,purchase,1
11514,4258,1.0,purchase,1
11514,5159,1.0,purchase,1
11668,4258,1.0,purchase,15
11668,4245,1.0,purchase,1
11668,4356,1.0,purchase,1
11668,4185,1.0,purchase,1
12454,4257,1.0,purchase,30
7566,5907,1.0,purchase,10
7566,9191,1.0,purchase,1
7566,5274,0.5,purchase,1
7566,5906,1.0,purchase,11
7566,7449,1.0,purchase,2
7566,7448,1.0,purchase,4
7566,7447,1.0,purchase,6
7566,5919,1.0,purchase,3
7566,5918,1.0,purchase,3
7566,5514,1.0,purchase,5
7566,5382,1.0,purchase,1
7566,5381,1.0,purchase,1
7566,5380,1.0,purchase,1
7566,5513,0.5,purchase,5
7566,9293,0.5,purchase,2
7566,8248,1.0,purchase,4
7566,6568,1.0,purchase,3
7566,6217,1.0,purchase,6
7566,6252,1.0,purchase,5
7566,7420,1.0,purchase,7
7566,3876,1.0,purchase,10
7566,3875,1.0,purchase,6
7566,3874,1.0,purchase,5
7566,7282,1.0,purchase,3
7566,5739,1.0,purchase,1
7566,5738,1.0,purchase,2
7566,6110,1.0,purchase,2
7566,8247,1.0,purchase,2
7566,7495,1.0,purchase,4
7566,9323,1.0,purchase,1
7566,9322,1.0,purchase,1
7566,8271,1.0,purchase,3
7566,5741,0.5,purchase,3
7566,5753,0.5,purchase,1
7566,5422,0.5,purchase,5
7566,5353,1.0,purchase,2
7566,8217,1.0,purchase,2
7566,4161,1.0,purchase,1
7566,4550,1.0,purchase,3
7566,5740,1.0,purchase,1
7566,8118,1.0,purchase,1
7566,5423,0.5,purchase,1
7566,4549,1.0,purchase,1
7566,5289,1.0,purchase,1
7566,5285,1.0,purchase,2
7566,5283,1.0,purchase,1
7566,6184,1.0,purchase,1
7566,5154,1.0,purchase,1
7566,8204,1.0,purchase,2
7566,8668,1.0,purchase,1
7566,7229,1.0,purchase,1
7566,8607,1.0,purchase,1
7566,8606,1.0,purchase,1
7566,8605,1.0,purchase,1
12886,4324,1.0,purchase,22
10780,3812,1.0,purchase,36
11465,4074,1.0,purchase,24
11465,4713,0.75,purchase,1
16573,7649,1.0,purchase,5
15239,6287,1.0,purchase,11
15240,6288,1.0,purchase,11
12652,6771,1.0,purchase,6
18565,9326,1.0,purchase,1
12716,3923,1.0,purchase,1
13309,3922,1.0,purchase,1
13904,3695,1000.0,purchase,1
17143,3698,1000.0,purchase,1
14493,5433,1.0,purchase,15
14493,4884,1.0,purchase,1
12481,4185,1.0,purchase,29
12481,4884,1.0,purchase,1
12481,4260,1.0,purchase,1
12481,4259,1.0,purchase,1
12481,4330,1.0,purchase,1
12481,4356,1.0,purchase,1
12455,4577,1.0,purchase,31
12455,5904,1.0,purchase,1
12455,8959,1.0,purchase,1
14431,5383,1.0,purchase,4
11639,6829,1.0,purchase,1
10309,4412,1.0,purchase,11
10276,4411,1.0,purchase,10
16380,5152,1.0,purchase,5
18479,9134,1.0,purchase,1
15677,3698,1000.0,purchase,1
15569,4829,1.0,purchase,6
16186,4834,1.0,purchase,2
16185,4833,1.0,purchase,4
16184,5313,1.0,purchase,2
16144,7296,1.0,purchase,1
15551,6664,1.0,purchase,2
14640,4728,1.0,purchase,11
14640,4259,1.0,purchase,1
14640,5945,1.0,purchase,1
14640,4356,1.0,purchase,1
14640,4901,1.0,purchase,1
12661,4884,1.0,purchase,22
12661,5433,1.0,purchase,1
12661,4185,1.0,purchase,1
12661,5426,1.0,purchase,1
14146,5091,1.0,purchase,13
11220,4081,1.0,purchase,27
12741,3769,1.0,purchase,4
12741,6801,1.0,purchase,5
11310,4572,1.0,purchase,9
15993,7129,0.583333,purchase,2
16237,7393,1.0,purchase,1
13704,4593,1.0,purchase,1
13703,4592,1.0,purchase,1
14196,5156,1000.0,purchase,1
11293,5115,1.0,purchase,2
11293,8161,1.0,purchase,1
15703,6795,1.0,purchase,1
14934,4256,1.0,purchase,2
15108,4255,1.0,purchase,1
14379,5122,1.0,purchase,1
16905,7978,10000.0,purchase,1
13912,7977,10000.0,purchase,1
14194,3877,1000.0,purchase,1
14193,3877,1000.0,purchase,1
12660,5597,1.0,purchase,4
12659,5598,1.0,purchase,4
11241,3825,1.0,purchase,21
15189,7966,1.0,purchase,2
15189,6247,1.0,purchase,2
16872,7965,1.0,purchase,1
16871,7524,1.0,purchase,1
11674,4591,1.0,purchase,14
11269,4375,1.0,purchase,14
11070,4211,1.0,purchase,8
11069,4056,1.0,purchase,23
10517,4151,1.0,purchase,33
17163,3698,1000.0,purchase,1
11397,4141,1.0,purchase,9
10467,3786,1.0,purchase,11
11347,3787,1.0,purchase,11
10568,4604,0.001,purchase,16
10568,4252,0.001,purchase,1
10568,5276,0.001,purchase,2
10565,3855,0.001,purchase,10
10565,6486,0.001,purchase,2
10564,3854,0.001,purchase,13
10564,4602,0.001,purchase,1
13838,4803,1.0,purchase,11
13604,3695,1000.0,purchase,1
17741,8759,1.0,purchase,1
16022,7026,1.0,purchase,3
18667,9430,1.0,purchase,1
10434,5555,1.0,purchase,11
10434,4637,1.0,purchase,3
11487,6819,1.0,purchase,2
10391,4987,1.0,purchase,5
15731,6818,1.0,purchase,2
10406,3921,1.0,purchase,8
12804,4409,1.0,purchase,10
11840,6038,1.0,purchase,3
11840,3843,1.0,purchase,3
14410,5369,1.0,purchase,2
11307,3791,1.0,purchase,12
10649,4187,1.0,purchase,10
10648,4186,1.0,purchase,35
12472,4573,1.0,purchase,3
12472,3977,1.0,purchase,1
12470,5520,1.0,purchase,4
12470,3975,1.0,purchase,1
10652,3976,1.0,purchase,17
10655,3977,1.0,purchase,35
14590,5376,1.0,purchase,25
13697,4576,1.0,purchase,4
11336,4575,1.0,purchase,3
7288,4308,1.0,purchase,9
14821,3881,1.0,purchase,7
14821,5478,1.0,purchase,5
14821,8783,1.0,purchase,1
14821,4391,1.0,purchase,23
14821,4909,1.0,purchase,1
14821,3912,0.00625,purchase,1
14821,5783,1.0,purchase,3
14821,7226,1.0,purchase,1
13285,3880,1.0,purchase,2
13465,4215,1.0,purchase,3
11816,4951,1.0,purchase,8
13919,4899,1.0,purchase,2
12185,5432,1.0,purchase,2
15855,6814,1.0,purchase,1
18503,9266,1.0,purchase,1
18502,9265,1.0,purchase,1
18501,9264,1.0,purchase,1
15607,3698,1000.0,purchase,1
15606,3698,1000.0,purchase,1
11252,9566,1.0,purchase,1
10638,3760,1.0,purchase,4
18695,3762,1.0,purchase,1
13832,4797,1.0,purchase,12
14545,5481,1.0,purchase,1
14543,5479,1.0,purchase,2
14543,5889,1.0,purchase,8
14543,4540,1.0,purchase,2
13175,5477,1.0,purchase,9
13175,7614,0.4,purchase,3
13175,4392,1.0,purchase,32
13175,4908,1.0,purchase,1
13175,4902,1.0,purchase,5
13175,5781,1.0,purchase,1
13175,3910,1.0,purchase,2
13175,5525,0.4,purchase,1
13175,7215,1.0,purchase,1
10022,5476,1.0,purchase,1
10022,8504,1.0,purchase,1
10022,5179,1.0,purchase,6
10022,4541,1.0,purchase,5
10022,4209,1.0,purchase,1
10022,7209,1.0,purchase,1
10022,7208,1.0,purchase,1
12426,5475,1.0,purchase,2
12426,4641,1.0,purchase,3
12426,7645,1.0,purchase,5
12426,5936,1.0,purchase,3
12426,5354,1.0,purchase,1
12950,3788,1.0,purchase,2
12089,4355,1.0,purchase,12
16795,7906,1.0,purchase,1
16794,7905,1.0,purchase,1
16793,7904,1.0,purchase,1
11419,5765,1.0,purchase,8
11092,5352,1.0,purchase,6
16653,7707,1.0,purchase,1
17806,7553,1.0,purchase,2
14944,5995,1.0,purchase,1
11132,4248,1.0,purchase,14
11977,4247,1.0,purchase,20
11977,5265,1.5,purchase,1
10415,5265,1.0,purchase,31
10415,3916,1.0,purchase,10
10415,3805,2.0,purchase,2
10415,4247,0.666667,purchase,1
13800,4753,1.0,purchase,13
16904,7981,1.0,purchase,2
16903,7980,1.0,purchase,1
12822,4521,1.0,purchase,5
12822,9603,1.0,purchase,1
13712,4626,1.0,purchase,1
13711,4625,1.0,purchase,1
13993,4932,1.0,purchase,16
17982,4988,1000.0,purchase,1
13920,4891,1.0,purchase,3
11708,6182,1.0,purchase,1
10464,3857,1.0,purchase,11
18697,3877,1000.0,purchase,1
18698,4988,1000.0,purchase,1
18699,3695,1000.0,purchase,1
18700,3698,1000.0,purchase,1
17470,5606,1.0,purchase,2
11754,5270,1.0,purchase,4
11753,5269,1.0,purchase,5
13207,3698,1000.0,purchase,1
13855,4826,1.0,purchase,4
13931,4900,1.0,purchase,5
12996,7519,1.0,purchase,2
12995,7520,1.0,purchase,2
11308,3800,1.0,purchase,20
11910,3801,1.0,purchase,14
17219,8262,1.0,purchase,1
16070,8261,1.0,purchase,1
16070,7312,1.0,purchase,1
16070,7217,1.0,purchase,2
10850,8260,1.0,purchase,1
10850,8660,1.0,purchase,2
15190,6246,1.0,purchase,1
10418,4398,1.0,purchase,13
10369,5110,1.0,purchase,4
10368,3946,1.0,purchase,5
10367,3945,1.0,purchase,3
10443,4456,1.0,purchase,12
10443,5883,1.0,purchase,3
10443,4058,1.0,purchase,1
13529,4394,1.0,purchase,22
13529,5945,1.0,purchase,1
12123,5904,1.0,purchase,5
12123,4577,1.0,purchase,1
13454,4245,1.0,purchase,21
13454,5426,1.0,purchase,1
13454,4258,1.0,purchase,1
13454,4244,1.0,purchase,1
13454,4259,1.0,purchase,1
14656,5593,2.0,purchase,1
13066,5078,1.0,purchase,2
14655,5594,1.0,purchase,1
14655,9008,1.0,purchase,1
14654,5595,500.0,purchase,1
13070,5592,1.0,purchase,1
14653,5591,100.0,purchase,1
14652,5590,1.0,purchase,1
14651,5589,1.0,purchase,1
14171,5123,10000.0,purchase,1
15888,7004,1.0,purchase,4
15888,7807,1.0,purchase,1
13868,4836,1.0,purchase,1
13867,4835,1.0,purchase,1
13866,4834,1.0,purchase,1
13865,4833,1.0,purchase,1
13864,4832,1.0,purchase,1
13863,4831,1.0,purchase,2
13862,4830,1.0,purchase,2
13861,4829,1.0,purchase,1
13860,4828,1.0,purchase,1
13859,4827,1.0,purchase,2
15154,6224,1.0,purchase,1
15153,6223,1.0,purchase,1
15152,6222,1.0,purchase,1
15151,6221,1.0,purchase,1
15150,6220,1.0,purchase,1
15149,6219,1.0,purchase,1
14042,6218,1.0,purchase,5
14042,4991,1.0,purchase,1
16791,7910,1.0,purchase,4
11982,7858,1.0,purchase,3
11982,5701,1.0,purchase,2
11982,4419,1.0,purchase,1
11342,5194,1.0,purchase,9
13342,4073,1.0,purchase,7
9416,5300,1.0,purchase,5
9416,4817,1.0,purchase,1
9416,6791,1.125,purchase,2
11849,4743,1.0,purchase,10
11849,4034,1.0,purchase,1
10495,4225,1.0,purchase,15
11740,4500,1.0,purchase,25
11740,4039,1.0,purchase,2
11740,5326,1.0,purchase,1
11928,5022,1.0,purchase,9
13565,3698,1000.0,purchase,1
14746,5709,1.0,purchase,7
10436,6901,1.0,purchase,1
10436,4062,1.0,purchase,42
10436,7038,1.0,purchase,7
10436,7220,1.0,purchase,2
15804,6900,1.0,purchase,1
15803,6899,1.0,purchase,1
7532,6898,1.0,purchase,1
7532,4053,1.0,purchase,4
7532,5410,1.0,purchase,13
7532,4735,2.0,purchase,2
7532,5263,0.066667,purchase,1
7532,6799,1.0,purchase,3
7532,4414,1.0,purchase,1
7532,7840,0.2,purchase,1
7532,9607,1.0,purchase,1
7532,8540,0.05,purchase,1
7532,5118,1.0,purchase,1
7532,3752,0.2,purchase,1
7532,4531,2.0,purchase,1
7532,9391,0.2,purchase,1
7532,7213,1.0,purchase,1
7532,3754,2.0,purchase,1
11837,4716,1.0,purchase,1
11837,4315,1.0,purchase,12
11837,5330,1.0,purchase,1
13770,4715,1.0,purchase,2
15264,6310,1.0,purchase,9
15264,4297,1.0,purchase,7
12471,5053,1.0,purchase,8
14571,5519,1.0,purchase,2
18081,6995,1.0,purchase,4
14210,5180,1.0,purchase,3
10419,7614,1.0,purchase,3
11799,3898,1.0,purchase,9
11799,4737,1.0,purchase,1
11731,3896,1.0,purchase,5
10441,4027,1.0,purchase,5
11053,4724,1.0,purchase,3
14411,5370,1.0,purchase,3
16908,7986,1.0,purchase,2
11008,3894,1.0,purchase,3
14398,5355,1.0,purchase,7
12457,5074,1.0,purchase,11
18649,9416,1.0,purchase,1
10730,3820,1.0,purchase,18
10730,8901,1.0,purchase,4
10730,4816,1.0,purchase,2
10730,5070,1.0,purchase,2
10494,3824,1.0,purchase,13
11591,3819,1.0,purchase,17
11591,4574,1.0,purchase,26
11591,7502,1.0,purchase,1
11591,5184,1.0,purchase,1
11591,5324,1.0,purchase,1
10319,5301,1.0,purchase,4
10319,3821,1.0,purchase,25
10319,8931,1.0,purchase,1
10319,6021,10.0,purchase,1
10319,5071,1.0,purchase,1
10319,4747,1.0,purchase,1
10319,4916,1.0,purchase,1
7602,5075,1.0,purchase,4
7602,6386,1.0,purchase,1
7602,4513,1.0,purchase,1
12278,3894,1.0,purchase,13
15849,4714,1.0,purchase,23
15849,6966,1.0,purchase,1
7221,5490,1.0,purchase,2
7221,3814,1.0,purchase,5
7221,6203,1.0,purchase,3
10935,4231,1.0,purchase,19
10935,5185,1.0,purchase,1
10935,4035,1.0,purchase,5
10844,4713,1.0,purchase,23
10844,4074,1.333333,purchase,1
10844,4033,1.0,purchase,1
10775,4420,1.0,purchase,17
15935,4958,1000.0,purchase,1
16726,4117,1.0,purchase,1
10765,4754,1.0,purchase,16
11108,5778,1.0,purchase,4
12398,5675,1.0,purchase,7
12690,6394,1.0,purchase,1
11104,6393,1.0,purchase,1
14777,5742,1.0,purchase,6
11926,5775,1.0,purchase,6
11107,5994,1.0,purchase,4
18480,9136,1.0,purchase,1
7318,4226,1.0,purchase,18
15943,3695,1000.0,purchase,1
7876,5876,1.0,purchase,1
14862,5875,1.0,purchase,1
14861,5874,1.0,purchase,1
14860,5873,1.0,purchase,1
13952,5872,1.0,purchase,1
14859,5871,1.0,purchase,1
14858,5870,1.0,purchase,1
14857,5869,1.0,purchase,1
14856,5868,1.0,purchase,1
14855,5867,1.0,purchase,1
13966,5866,1.0,purchase,1
13965,5865,1.0,purchase,1
14854,5864,1.0,purchase,1
12702,6309,1.0,purchase,1
12702,3890,1.0,purchase,5
12702,5187,1.0,purchase,2
12702,7027,1.0,purchase,1
12675,5072,1.0,purchase,3
12675,4746,1.0,purchase,4
11651,6308,1.0,purchase,2
11651,4322,1.0,purchase,1
11651,6278,1.071429,purchase,1
11651,5528,1.0,purchase,1
13318,3967,1.0,purchase,3
13318,4169,1.0,purchase,2
11777,4666,1.0,purchase,5
12749,4665,1.0,purchase,5
14481,3698,1000.0,purchase,1
14915,5968,1.0,purchase,1
14914,5967,1.0,purchase,1
14913,5966,1.0,purchase,1
15800,6896,1.0,purchase,4
16964,3698,1000.0,purchase,1
13341,4054,1.0,purchase,8
10852,4799,1.0,purchase,10
10852,8042,1.0,purchase,1
12725,4213,1.0,purchase,18
12725,8895,1.0,purchase,1
12841,4052,1.0,purchase,17
10447,5925,1.0,purchase,6
11710,4522,1.0,purchase,7
11710,5533,1.0,purchase,3
11710,7939,1.0,purchase,1
11710,6748,0.003333,purchase,1
13692,4537,1.0,purchase,8
17859,3698,1000.0,purchase,1
14742,5695,1.0,purchase,4
14741,5694,1.0,purchase,1
14740,5693,1.0,purchase,1
14739,5692,1.0,purchase,4
11468,4739,1.0,purchase,13
11468,8374,1.0,purchase,3
11391,4080,1.0,purchase,9
11391,6800,1.0,purchase,7
8403,3915,1.0,purchase,10
10559,3758,1.0,purchase,7
15121,6191,1.0,purchase,1
10497,4912,1.0,purchase,19
11124,4233,1.0,purchase,8
14942,6001,1.0,purchase,2
14941,5999,1.0,purchase,3
14182,5137,1.0,purchase,3
11521,5129,1.0,purchase,2
11521,5136,1.0,purchase,1
11521,5130,1.0,purchase,1
16771,7857,1.0,purchase,2
16770,7856,1.0,purchase,1
16769,7855,1.0,purchase,1
16768,5134,1.0,purchase,3
14176,5130,1.0,purchase,9
14176,8405,1.0,purchase,1
14176,5129,1.0,purchase,1
12261,3736,1.0,purchase,6
11522,3735,1.0,purchase,9
11522,5996,1.0,purchase,1
11522,8405,1.0,purchase,1
10484,3733,1.0,purchase,4
10484,3731,1.0,purchase,1
10484,5151,1.0,purchase,1
10483,3732,1.0,purchase,5
10483,5149,1.0,purchase,1
10483,7591,1.0,purchase,1
12260,3731,1.0,purchase,7
15361,6443,1.0,purchase,1
15360,6442,1.0,purchase,1
15359,6441,1.0,purchase,1
15358,6440,1.0,purchase,6
12801,6902,1.0,purchase,4
13650,5498,1.0,purchase,7
13650,4510,1.0,purchase,1
12704,4745,1.0,purchase,12
12704,4201,0.035714,purchase,1
11398,4319,1.0,purchase,22
16600,7673,1.0,purchase,2
16600,5023,1.0,purchase,6
16600,4325,1.0,purchase,13
16600,4218,0.333333,purchase,1
16600,4903,1.0,purchase,1
16600,4037,1.0,purchase,1
13735,4643,1.0,purchase,7
18545,7861,1.0,purchase,1
11349,5305,1.0,purchase,3
12523,3866,1.0,purchase,3
18508,9273,1.0,purchase,1
18507,9272,1.0,purchase,1
10595,3780,1.0,purchase,33
10595,7907,0.833333,purchase,1
10595,7159,1.0,purchase,1
10797,4191,1.0,purchase,3
7180,4074,1.0,purchase,4
7180,9146,1.0,purchase,1
10126,8741,1.0,purchase,7
17818,8832,1.0,purchase,1
17650,8699,1.0,purchase,7
13283,3887,1.0,purchase,5
10666,3752,1.0,purchase,1
10666,3751,1.0,purchase,6
10666,7840,1.0,purchase,1
10666,7200,0.571429,purchase,2
10666,3753,1.0,purchase,1
10666,8967,2.0,purchase,1
10666,8373,1.0,purchase,1
10666,5409,1.0,purchase,1
13346,4067,1.0,purchase,5
13347,4068,1.0,purchase,14
12307,4792,1.0,purchase,4
12307,4234,1.0,purchase,21
11208,3740,1.0,purchase,16
11208,7839,1.0,purchase,1
11208,5887,4.0,purchase,1
16115,5264,1.0,purchase,15
16115,4926,1.0,purchase,5
16115,3905,1.0,purchase,4
16115,8902,12.0,purchase,1
16115,7195,1.0,purchase,1
10552,5262,1.0,purchase,2
10552,6012,1.0,purchase,2
10552,4664,1.0,purchase,1
10552,7243,1.0,purchase,1
10664,4736,1.0,purchase,12
10422,5178,1.0,purchase,2
10422,4642,0.025,purchase,1
10422,7426,1.0,purchase,2
10422,5525,0.1,purchase,1
10422,5884,50.5,purchase,2
14151,5261,1.0,purchase,2
14616,4735,1.0,purchase,24
14616,4531,1.0,purchase,14
14616,5565,1.0,purchase,1
14616,5563,1.0,purchase,3
14616,5782,1.0,purchase,3
14616,6799,0.5,purchase,1
14616,7529,1.0,purchase,1
14616,4737,0.2,purchase,1
14616,3908,1.0,purchase,1
14616,4071,0.5,purchase,1
14616,6607,1.0,purchase,1
14616,4238,1.0,purchase,1
14616,3754,1.0,purchase,2
14616,3747,0.25,purchase,1
14616,7248,1.0,purchase,1
14616,7214,1.0,purchase,1
14616,4069,0.001,purchase,1
10672,5260,1.0,purchase,9
10672,4236,1.0,purchase,17
10672,5018,1.0,purchase,1
13829,4787,1.0,purchase,5
13829,5408,1.0,purchase,30
13829,5177,0.2,purchase,2
13123,5259,1.0,purchase,1
13123,4794,0.946429,purchase,2
12853,4793,1.0,purchase,14
12853,9016,1.0,purchase,6
12853,4422,0.002,purchase,1
12853,4662,0.002,purchase,1
12853,8011,1.0,purchase,1
7275,4642,1.0,purchase,14
7275,7694,1.0,purchase,1
7275,5178,40.0,purchase,1
7275,7496,1.0,purchase,2
7275,7197,1.0,purchase,1
10184,5751,1.0,purchase,1
13750,4656,1.0,purchase,5
15684,6786,1.0,purchase,1
15683,6785,1.0,purchase,1
15398,6784,1.0,purchase,1
15398,8594,1.0,purchase,2
15398,8154,1.0,purchase,1
15398,6462,1.0,purchase,1
15398,7131,1.0,purchase,1
15398,8358,1.0,purchase,1
15398,7538,1.0,purchase,1
15682,6783,1.0,purchase,1
15681,6782,1.0,purchase,3
13466,4253,1.0,purchase,3
13466,7259,1.0,purchase,1
8902,4504,1.0,purchase,13
12142,4875,1.0,purchase,3
13897,4874,1.0,purchase,1
13284,3888,1.0,purchase,5
11116,4230,1.0,purchase,23
11116,4032,1.0,purchase,1
17311,8364,1.0,purchase,1
15391,6455,1.0,purchase,3
17310,8363,1.0,purchase,1
16403,7533,1.0,purchase,3
14123,5076,1000.0,purchase,1
14122,4442,1000.0,purchase,1
14121,3698,1000.0,purchase,1
14744,5702,1.0,purchase,12
16995,4012,1000.0,purchase,1
10396,4116,1.0,purchase,28
15417,6485,1.0,purchase,1
17481,7907,1.0,purchase,11
17481,3780,1.2,purchase,1
13758,4705,1.0,purchase,8
10747,4800,1.0,purchase,13
12362,3885,1.0,purchase,14
14222,5190,1.0,purchase,2
14222,7258,1.0,purchase,1
15494,6579,1.0,purchase,2
15493,6578,1.0,purchase,1
14878,5916,1.0,purchase,2
15492,6577,1.0,purchase,1
15491,6576,1.0,purchase,2
15490,6575,1.0,purchase,1
15489,6574,1.0,purchase,1
15488,6573,1.0,purchase,1
15487,6572,1.0,purchase,1
15486,6571,1.0,purchase,1
15820,6775,1.0,purchase,1
15819,6923,1.0,purchase,2
15818,6922,1.0,purchase,1
15817,6921,1.0,purchase,1
15816,6920,1.0,purchase,2
14750,5708,1.0,purchase,3
11087,3988,1.0,purchase,13
14383,4518,1.0,purchase,5
15079,3698,1000.0,purchase,1
10583,3783,1.0,purchase,23
10582,3782,1.0,purchase,23
14956,5990,1.0,purchase,1
11254,5700,1.0,purchase,3
11475,4876,1.0,purchase,6
10771,9289,1.0,purchase,1
17094,4115,1.0,purchase,1
16873,3844,1.0,purchase,3
17623,3698,1000.0,purchase,1
10466,4136,1.0,purchase,11
10476,4135,1.0,purchase,11
14754,5697,1.0,purchase,3
14753,5696,1.0,purchase,4
16937,7988,1.0,purchase,1
16936,7987,1.0,purchase,1
11032,3815,1.0,purchase,21
11032,5328,1.0,purchase,1
11032,4038,1.0,purchase,1
10741,6003,1.0,purchase,1
11550,5193,1.0,purchase,7
10327,4220,1.0,purchase,10
10327,3872,1.0,purchase,2
10327,6995,1.0,purchase,4
10327,6592,1.0,purchase,1
7907,6189,1.0,purchase,2
17309,8361,1.0,purchase,1
16822,4442,1000.0,purchase,1
16821,3698,1000.0,purchase,1
17207,8243,1.0,purchase,1
17206,8242,1.0,purchase,1
15732,3695,1000.0,purchase,1
15854,6802,1.0,purchase,1
15750,6855,1.0,purchase,1
13185,6854,1.0,purchase,1
15749,6853,1.0,purchase,1
12864,6852,1.0,purchase,1
15748,6851,100.0,purchase,1
15004,6005,1.0,purchase,3
14162,4442,1000.0,purchase,1
14161,3698,1000.0,purchase,1
18477,9131,1.0,purchase,1
10718,3781,1.0,purchase,36
10718,8119,1.0,purchase,2
11838,3747,1.0,purchase,1
11838,8782,2.5,purchase,1
11838,7614,1.0,purchase,6
11838,5525,1.0,purchase,7
11838,4392,2.5,purchase,3
11838,7001,1.0,purchase,1
11838,4735,4.0,purchase,2
11838,5884,10.0,purchase,1
11838,5291,1.0,purchase,1
11838,3748,0.8,purchase,1
11207,4927,1.0,purchase,5
11207,4535,1.0,purchase,2
10991,4925,1.0,purchase,6
10991,7613,1.0,purchase,1
10991,4307,1.0,purchase,1
10991,7230,1.0,purchase,1
10995,3767,1.0,purchase,9
13701,4010,1.0,purchase,1
15421,6503,1.0,purchase,1
15421,7700,1.0,purchase,2
15421,5680,1.0,purchase,1
18018,5896,1.0,purchase,1
18018,4266,1.0,purchase,1
13761,4597,1.0,purchase,1
13760,4596,1.0,purchase,1
13760,7728,1.0,purchase,1
12548,5754,1.0,purchase,2
11613,3878,1.0,purchase,8
13552,4421,1.0,purchase,9
16384,7509,1.0,purchase,1
10456,4229,1.0,purchase,10
16383,7508,1.0,purchase,1
15265,3698,1000.0,purchase,1
15101,6173,1000.0,purchase,1
15100,6172,1000.0,purchase,1
15099,6171,1000.0,purchase,1
15098,6170,1000.0,purchase,1
15097,6169,1000.0,purchase,1
15096,6168,1000.0,purchase,1
15095,6167,1000.0,purchase,1
15094,6166,1000.0,purchase,1
15093,6165,1000.0,purchase,1
15092,6164,1000.0,purchase,1
15091,6163,1000.0,purchase,1
15090,6162,1000.0,purchase,1
15089,6161,1000.0,purchase,1
15088,6160,1000.0,purchase,1
15087,6159,1000.0,purchase,1
15086,6158,1000.0,purchase,1
17128,8179,1.0,purchase,1
15634,6637,1.0,purchase,1
15633,6636,1.0,purchase,1
15632,6635,1.0,purchase,1
12112,6097,1.0,purchase,2
15031,6101,1.0,purchase,1
12078,6100,1.0,purchase,1
15030,6099,1.0,purchase,1
14106,5054,1.0,purchase,5
10624,4461,1.0,purchase,6
14658,5610,1.0,purchase,2
11235,3785,1.0,purchase,19
12997,4356,1.0,purchase,27
12997,5491,1.0,purchase,1
12997,4728,1.0,purchase,2
12997,4258,1.0,purchase,1
12997,4185,1.0,purchase,1
14382,4587,1.0,purchase,1
14381,4586,1.0,purchase,1
14380,4585,1.0,purchase,1
15241,4988,1000.0,purchase,1
13599,3695,1000.0,purchase,1
13598,3695,1000.0,purchase,1
11456,3944,1.0,purchase,12
15725,6820,1.0,purchase,2
18020,4551,1.0,purchase,1
18021,4551,1.0,purchase,1
18022,5272,1.0,purchase,1
10491,4310,1.0,purchase,13
10933,4217,1.0,purchase,16
10933,4368,0.505,purchase,2
14845,5877,1.0,purchase,3
15463,6531,1.0,purchase,1
15462,6530,1.0,purchase,1
15931,5436,1.0,purchase,2
15930,7035,1.0,purchase,1
15929,7034,1.0,purchase,1
15928,7033,1.0,purchase,2
15927,7032,1.0,purchase,2
14378,5321,1.0,purchase,1
14377,5320,1.0,purchase,1
14376,5319,1.0,purchase,1
14375,5318,1.0,purchase,1
15431,6513,1.0,purchase,2
12401,8120,1.0,purchase,6
12401,4296,1.0,purchase,2
14745,5427,1000.0,purchase,2
16540,7627,1.0,purchase,1
15736,7626,1.0,purchase,1
15736,6833,1.0,purchase,1
13373,4124,1.0,purchase,1
13372,4123,1.0,purchase,1
15795,3698,1000.0,purchase,1
10544,4117,1.0,purchase,2
14842,5852,1.0,purchase,4
13854,4814,1.0,purchase,3
15041,6090,1.0,purchase,2
15040,6089,1.0,purchase,1
13851,4812,1.0,purchase,4
13852,4813,1.0,purchase,3
13407,4163,1.0,purchase,6
15039,6088,1.0,purchase,1
15038,6087,1.0,purchase,3
15038,6086,1.0,purchase,2
15661,5510,1.0,purchase,3
15661,6760,1.0,purchase,6
15661,4167,1.0,purchase,3
14738,5698,1.0,purchase,3
15037,6085,1.0,purchase,1
14316,6084,1.0,purchase,1
14316,5275,1.0,purchase,2
13849,6083,1.0,purchase,1
13849,4810,1.0,purchase,5
15036,6082,1.0,purchase,1
14993,6050,1.0,purchase,2
14606,5552,1.0,purchase,4
17203,8239,1.0,purchase,1
17202,8238,1.0,purchase,1
17201,8237,1.0,purchase,1
17200,8236,1.0,purchase,1
17199,8235,1.0,purchase,1
17198,8234,1.0,purchase,1
17197,8233,1.0,purchase,1
17196,8232,1.0,purchase,1
16425,7544,1.0,purchase,2
17195,8231,1.0,purchase,1
17721,8784,1.0,purchase,1
12424,4379,1.0,purchase,5
12424,7909,1.0,purchase,2
12424,4790,1.0,purchase,2
13830,4378,1.0,purchase,5
13830,3744,1.0,purchase,3
13830,4789,1.0,purchase,1
10376,4566,1.0,purchase,7
14787,4567,1.0,purchase,2
15638,4566,1.0,purchase,5
10375,4567,1.0,purchase,3
14875,5913,1.0,purchase,2
12365,6024,1.0,purchase,1
10567,5596,0.001,purchase,2
10567,4603,0.001,purchase,14
10442,4381,1.0,purchase,14
10442,4380,1.0,purchase,5
10442,5127,1.0,purchase,1
10442,5111,1.0,purchase,1
13473,4266,1.0,purchase,31
13473,4901,1.0,purchase,1
13473,4257,1.0,purchase,1
13473,4330,1.0,purchase,1
12512,3696,1.0,purchase,1
18658,9454,1.0,purchase,1
18659,9455,1.0,purchase,1
18660,9137,1.0,purchase,1
18306,9456,1.0,purchase,1
18306,9137,1.0,purchase,1
11223,4913,1.0,purchase,8
15718,6817,100.0,purchase,3
16595,7666,1.0,purchase,5
16594,7665,1.0,purchase,9
14891,5942,1.0,purchase,4
10661,3805,1.0,purchase,6
10661,7743,1.0,purchase,4
10661,3916,0.5,purchase,2
14637,5575,1.0,purchase,1
16716,8541,1.0,purchase,4
16716,7805,1.0,purchase,1
17720,8781,1.0,purchase,1
14847,5888,1.0,purchase,6
14847,7842,1.0,purchase,1
14847,3897,0.1,purchase,1
15234,8780,1.0,purchase,1
15234,6705,1.0,purchase,6
14443,5409,1.0,purchase,1
17474,8540,1.0,purchase,2
17474,5343,1.0,purchase,2
17474,5410,20.0,purchase,1
13282,3912,1.0,purchase,12
13282,4391,1.6,purchase,1
13549,4793,1.5,purchase,8
17719,8778,1.0,purchase,4
17719,3746,5.555556,purchase,1
17063,5410,0.5,purchase,1
17063,4735,1.0,purchase,2
17063,3748,0.2,purchase,1
17842,3695,1000.0,purchase,1
14870,5900,1.0,purchase,4
14870,7674,1.0,purchase,2
15708,6804,1.0,purchase,1
17170,5599,1.0,purchase,1
17169,5375,1.0,purchase,1
14476,5434,1.0,purchase,9
16306,7482,1.0,purchase,2
13086,6505,1.0,purchase,2
13086,5121,1.0,purchase,2
16305,7481,1.0,purchase,1
16304,7480,1.0,purchase,4
16303,7479,1.0,purchase,1
16302,7478,1.0,purchase,1
16301,7477,1.0,purchase,2
11106,5776,1.0,purchase,4
11105,5993,1.0,purchase,5
12888,7636,1.0,purchase,1
16620,7635,1.0,purchase,1
16619,6613,1.0,purchase,1
12920,4431,20.0,purchase,2
13600,4474,1.0,purchase,10
13600,4393,1.0,purchase,2
14799,4725,1.0,purchase,1
14798,5731,1.0,purchase,1
14797,5730,1.0,purchase,1
14796,5729,1.0,purchase,1
16561,7625,10000.0,purchase,2
14390,3882,1.0,purchase,4
14390,5345,1.0,purchase,1
14390,5346,5.5,purchase,2
16737,4958,1000.0,purchase,1
11778,4490,1.0,purchase,3
11778,4970,1.0,purchase,1
17912,4106,1000.0,purchase,1
18535,9111,1.0,purchase,1
18534,9110,1.0,purchase,1
17279,8343,1.0,purchase,2
17967,9109,1.0,purchase,1
18533,9108,100.0,purchase,1
18532,9107,1.0,purchase,1
10474,4568,1.0,purchase,3
12272,3920,1.0,purchase,4
10677,4729,1.0,purchase,2
10942,4105,1.0,purchase,11
11893,5516,22.0,purchase,6
11893,6051,1.0,purchase,11
11893,4533,1.0,purchase,3
11893,4532,2.0,purchase,1
11893,7646,1.0,purchase,1
11893,3901,1.0,purchase,1
11893,7235,1.0,purchase,1
14617,5564,1.0,purchase,1
14617,5939,1.0,purchase,9
14617,5288,1.0,purchase,1
14617,4305,1.0,purchase,2
14617,3746,1.5,purchase,1
14441,5562,1.0,purchase,1
14441,3902,1.0,purchase,2
14441,5406,1.0,purchase,3
13279,5561,20.0,purchase,5
13279,6190,1.0,purchase,12
13279,6051,1.0,purchase,2
13279,4738,1.0,purchase,2
13279,7037,1.0,purchase,1
13279,3900,1.0,purchase,1
13279,7224,1.0,purchase,1
13279,5202,1.0,purchase,1
13788,5560,1.0,purchase,1
13788,4737,1.0,purchase,3
13788,7210,1.0,purchase,2
13788,3747,1.25,purchase,2
13788,3898,1.0,purchase,1
10877,3845,1.0,purchase,8
15261,4256,1.0,purchase,1
15260,5389,1.0,purchase,1
9985,5710,1.0,purchase,6
16414,7532,1.0,purchase,3
16413,4723,1.0,purchase,4
16412,7531,1.0,purchase,1
13909,3698,1000.0,purchase,1
13371,4110,1.0,purchase,1
13370,4109,1.0,purchase,1
13369,4108,1.0,purchase,1
13194,4107,10000.0,purchase,1
16749,7843,1.0,purchase,6
13451,4242,0.1,purchase,2
13278,3897,0.1,purchase,3
13278,7841,1.0,purchase,1
13278,7842,1.0,purchase,1
11797,4241,0.1,purchase,3
13899,6667,1.0,purchase,1
13899,5936,10.0,purchase,1
17047,3695,1000.0,purchase,1
10546,5921,1.0,purchase,5
12267,4486,1.0,purchase,13
12267,4487,1.0,purchase,1
15375,6408,1.0,purchase,1
12030,6407,1.0,purchase,1
15374,6406,1.0,purchase,1
15373,6405,1.0,purchase,1
15372,6404,1.0,purchase,1
18281,9092,1.0,purchase,1
14221,5183,1.0,purchase,1
16344,7486,1.0,purchase,1
16343,7485,1.0,purchase,1
16342,7484,1.0,purchase,2
16341,7483,1.0,purchase,5
17999,8933,1.0,purchase,1
18000,8934,1.0,purchase,2
17984,8935,1.0,purchase,1
17984,8927,1.0,purchase,1
11911,5057,1.0,purchase,1
11698,5056,1.0,purchase,4
11697,4158,1.0,purchase,3
11912,5055,1.0,purchase,1
13315,3695,1000.0,purchase,1
13314,3695,1000.0,purchase,1
11927,3865,1.0,purchase,19
11927,4393,1.0,purchase,1
11927,4728,1.0,purchase,1
11927,5244,1.0,purchase,1
11927,5945,1.0,purchase,1
12714,6780,1.0,purchase,3
12714,4265,1.0,purchase,1
17911,8888,1.0,purchase,1
15085,5945,1.0,purchase,12
15085,5521,1.0,purchase,1
15085,4172,1.0,purchase,1
15085,3865,1.0,purchase,2
15085,4394,1.0,purchase,1
12951,4259,1.0,purchase,1
12951,4356,1.0,purchase,1
11598,3861,1.0,purchase,1
10825,3859,1.0,purchase,2
15567,6682,1.0,purchase,1
13259,3822,1.0,purchase,5
11749,4075,1.0,purchase,3
14846,5878,1.0,purchase,4
11030,5421,1.0,purchase,6
11240,5420,1.0,purchase,4
18164,9029,1.0,purchase,2
12203,6701,1.0,purchase,5
12203,4512,1.0,purchase,1
11118,3893,1.0,purchase,15
18179,4745,1.0,purchase,4
18180,6351,1.0,purchase,1
13205,3695,1000.0,purchase,1
16820,6474,1.0,purchase,5
15270,3698,1000.0,purchase,1
17145,8193,1.0,purchase,1
16898,4359,1.0,purchase,6
16911,4751,1.0,purchase,6
16911,3977,1.0,purchase,1
16990,3975,1.0,purchase,10
16990,3977,1.0,purchase,3
16990,3976,1.0,purchase,1
17032,5376,1.0,purchase,32
16897,4186,1.0,purchase,8
16897,9415,1.0,purchase,5
16897,8859,1.0,purchase,3
16989,3976,1.0,purchase,13
16989,7593,1.0,purchase,1
16989,3977,1.0,purchase,3
16989,3975,1.0,purchase,1
14299,5244,1.0,purchase,11
14299,3865,1.0,purchase,1
15029,4901,1.0,purchase,1
16533,7624,1.0,purchase,1
15170,6078,1.0,purchase,2
16532,7623,1.0,purchase,2
12902,4014,1.0,purchase,13
13994,4933,1.0,purchase,3
12889,4013,1.0,purchase,9
12893,4561,1.0,purchase,11
12892,4019,1.0,purchase,15
13120,4017,1.0,purchase,14
13119,4018,1.0,purchase,13
16531,7622,1.0,purchase,1
16530,7621,1.0,purchase,1
16529,7620,1.0,purchase,2
16528,7619,1.0,purchase,1
15499,6585,1.0,purchase,3
15497,6583,1.0,purchase,4
15498,6584,1.0,purchase,3
15655,7618,1.0,purchase,1
15502,6588,1.0,purchase,2
14000,4940,1.0,purchase,4
16527,7617,1.0,purchase,1
16526,7616,1.0,purchase,1
15195,5927,1.0,purchase,3
16525,7615,1.0,purchase,3
16773,7861,1.0,purchase,2
12327,5688,1.0,purchase,8
11067,8109,1.0,purchase,3
8664,4321,1.0,purchase,4
8664,7561,1.0,purchase,1
8664,5588,1.0,purchase,1
17343,8392,1.0,purchase,3
17512,7553,1.0,purchase,4
16040,7182,1000.0,purchase,1
15238,6286,1.0,purchase,8
15238,7742,1.0,purchase,1
17725,8811,1.0,purchase,3
15226,4146,1.0,purchase,1
17126,8183,1.0,purchase,3
13014,8073,1.0,purchase,6
17125,8182,1.0,purchase,1
15833,6910,1.0,purchase,5
17811,8830,1.0,purchase,2
17812,4793,1.0,purchase,1
17813,7037,1.0,purchase,1
7457,4736,1.0,purchase,1
7457,9195,1.0,purchase,3
17814,5939,1.0,purchase,1
7660,3749,1.0,purchase,1
14083,5028,1.0,purchase,1
14082,5027,1.0,purchase,1
11457,4923,1.0,purchase,7
11459,4120,1.0,purchase,6
16495,7576,1.0,purchase,1
16494,7575,1.0,purchase,1
16493,7574,1.0,purchase,1
16492,7573,1.0,purchase,1
16491,7572,1.0,purchase,1
15140,6201,1.0,purchase,1
15139,6200,1.0,purchase,1
10477,4734,1.0,purchase,6
13975,3964,1000.0,purchase,1
13974,3695,1000.0,purchase,1
12361,4459,1.0,purchase,14
13548,4424,10000.0,purchase,2
15939,6975,1.0,purchase,2
15938,6974,1.0,purchase,2
16013,7143,1.0,purchase,3
15789,3846,1.0,purchase,3
16010,4527,1.0,purchase,3
10996,4526,1.0,purchase,8
16183,3844,1.0,purchase,2
15404,4523,1.0,purchase,5
15785,4524,1.0,purchase,4
11082,4425,1.0,purchase,11
11084,3827,1.0,purchase,11
12359,6002,1.0,purchase,2
18151,9024,1.0,purchase,5
16424,7543,1.0,purchase,1
14632,5581,1.0,purchase,3
11234,3784,1.0,purchase,7
13801,4755,1.0,purchase,4
12856,4457,1.0,purchase,2
12856,5293,0.01,purchase,5
12856,4579,1.0,purchase,1
12856,4663,1.0,purchase,1
12856,4243,1.0,purchase,1
14068,5013,1.0,purchase,4
14069,5015,1.0,purchase,4
15049,3698,1000.0,purchase,1
13573,3695,1000.0,purchase,1
16001,7153,1.0,purchase,1
16000,7152,1.0,purchase,1
15999,7151,1.0,purchase,1
12947,5163,1.0,purchase,1
12944,4206,1.0,purchase,2
12945,3949,1.0,purchase,2
16896,4654,1.0,purchase,5
16896,4358,1.0,purchase,1
16896,3979,1.0,purchase,1
15048,3698,1000.0,purchase,1
17291,8283,1.0,purchase,1
13710,4590,1.0,purchase,3
13710,8345,1.0,purchase,1
13710,8346,1.0,purchase,1
13709,4589,1.0,purchase,1
13708,4588,1.0,purchase,1
12453,6335,1.0,purchase,4
12273,5538,1.0,purchase,7
12186,5195,1.0,purchase,1
15035,6105,1.0,purchase,4
16565,3877,1000.0,purchase,1
12878,5501,1.0,purchase,7
11600,4472,1.0,purchase,4
11376,4471,1.0,purchase,8
15401,6477,1.0,purchase,6
12130,6476,1.0,purchase,2
13775,4719,1.0,purchase,1
15194,6249,1.0,purchase,1
15695,4442,1000.0,purchase,1
15694,3698,1000.0,purchase,1
13661,3698,1000.0,purchase,1
13660,3698,1000.0,purchase,1
13738,6522,1.0,purchase,3
13738,4633,1.0,purchase,5
14170,5120,1.0,purchase,2
14622,3698,1000.0,purchase,1
14416,5376,1.0,purchase,2
14538,5486,1.0,purchase,2
14537,5485,1.0,purchase,3
11996,5484,1.0,purchase,3
11017,4517,0.01,purchase,11
11017,7698,0.01,purchase,1
11018,4548,1.0,purchase,13
11018,7698,0.01,purchase,3
11655,4515,1.0,purchase,8
11655,7698,0.01,purchase,1
14063,5010,1.0,purchase,2
12658,5009,1.0,purchase,2
14062,5008,1.0,purchase,1
14867,5897,1.0,purchase,1
17415,8395,1.0,purchase,1
12678,4058,1.0,purchase,10
18269,9057,1.0,purchase,1
18268,9056,1.0,purchase,1
17422,8482,1.0,purchase,3
18267,9055,1.0,purchase,1
18266,9054,1.0,purchase,2
17417,8477,1.0,purchase,2
18265,9053,1.0,purchase,1
18264,9052,1.0,purchase,1
18263,9051,1.0,purchase,1
17429,8489,1.0,purchase,3
18262,9050,1.0,purchase,1
18261,9049,1.0,purchase,1
18260,9048,1.0,purchase,1
18259,9047,1.0,purchase,2
18258,9046,1.0,purchase,1
18257,9045,1.0,purchase,1
18256,9044,1.0,purchase,2
18255,9043,1.0,purchase,2
18254,9042,1.0,purchase,1
16601,7674,1.0,purchase,2
16154,8249,1.0,purchase,1
16154,7304,1.5,purchase,2
16220,6733,1.0,purchase,1
14992,6049,1.0,purchase,4
11431,4139,1.0,purchase,16
11432,4140,1.0,purchase,16
13323,3963,1.0,purchase,2
15341,6431,1.0,purchase,2
15340,6430,1.0,purchase,1
16851,7944,1.0,purchase,1
16851,7943,1.0,purchase,1
16850,7942,1.0,purchase,2
14603,5539,1.0,purchase,2
16699,7768,1.0,purchase,1
16043,7162,1.0,purchase,2
16789,4117,1.0,purchase,1
10824,3863,1.0,purchase,24
16194,7362,1.0,purchase,2
16426,7545,1.0,purchase,1
17575,8852,1.0,purchase,1
17575,8646,1.0,purchase,1
17576,8849,1.0,purchase,1
17576,8647,1.0,purchase,1
17843,8842,1.0,purchase,1
17844,8843,1.0,purchase,2
17844,9035,1.0,purchase,1
17845,8851,1.0,purchase,1
17845,8844,1.0,purchase,1
17846,8845,1.0,purchase,1
17847,8850,1.0,purchase,1
17848,8848,1.0,purchase,1
17849,8847,1.0,purchase,1
17850,6841,1.0,purchase,1
17851,8647,1.0,purchase,1
17851,8638,1.0,purchase,1
17852,8846,1.0,purchase,1
17852,8850,1.0,purchase,1
17853,8844,1.0,purchase,1
17854,8646,1.0,purchase,1
16170,7324,10000.0,purchase,1
10647,3974,1.0,purchase,34
18276,9012,1.0,purchase,2
16767,7854,1.0,purchase,2
16942,8016,1.0,purchase,1
15546,6641,1.0,purchase,1
15545,6640,1.0,purchase,1
15544,6639,1.0,purchase,1
15543,6638,1.0,purchase,1
13696,3698,1000.0,purchase,1
17865,8870,1.0,purchase,3
15483,6543,1.0,purchase,1
15482,6542,1.0,purchase,1
15481,6541,1.0,purchase,1
15003,6056,1.0,purchase,1
15002,6055,1.0,purchase,2
14727,5683,1.0,purchase,2
9319,5302,1.0,purchase,5
9319,4819,1.0,purchase,1
9319,4200,1.0,purchase,1
12462,5499,1.0,purchase,2
12462,4501,1.0,purchase,3
16621,7637,1.0,purchase,1
14832,6365,1.0,purchase,1
14832,5793,1.0,purchase,1
14831,6364,1.0,purchase,1
14831,5792,1.0,purchase,1
14961,6363,1.0,purchase,1
14961,6007,1.0,purchase,1
15271,6362,1.0,purchase,1
15271,6311,1.0,purchase,1
15271,7069,1.0,purchase,1
14605,5551,1.0,purchase,6
11400,4223,1.0,purchase,17
16974,8059,10000.0,purchase,1
17037,5053,1.0,purchase,3
17037,3794,1.0,purchase,1
16988,3792,1.0,purchase,7
17036,3800,1.0,purchase,7
17035,5519,1.0,purchase,3
17034,6678,1.0,purchase,2
17033,4358,1.0,purchase,5
17033,4654,1.0,purchase,1
17033,3978,1.0,purchase,1
17033,3979,1.0,purchase,1
16624,7647,1.0,purchase,1
15207,6256,1.0,purchase,2
18681,3877,1000.0,purchase,1
10465,3764,1.0,purchase,4
11253,3763,1.0,purchase,4
11939,3762,1.0,purchase,4
11940,3761,1.0,purchase,3
10538,3759,1.0,purchase,3
10323,4367,1.0,purchase,1
10323,4911,1.0,purchase,7
10323,5207,1.0,purchase,1
12517,4042,1.0,purchase,5
15740,4366,1.0,purchase,1
15740,6848,1.0,purchase,4
12407,4364,1.0,purchase,1
12407,3813,1.0,purchase,11
12768,4197,1.0,purchase,2
12768,5386,1.0,purchase,1
10736,4363,1.0,purchase,1
10734,4362,1.0,purchase,2
12794,4361,1.0,purchase,1
11866,4360,1.0,purchase,1
11866,4914,1.0,purchase,7
11866,5527,0.02,purchase,1
15727,3698,1000.0,purchase,1
14192,5155,1.0,purchase,1
15237,6292,1.0,purchase,1
15236,6291,1.0,purchase,1
12713,5426,1.0,purchase,15
12713,5521,1.0,purchase,1
12713,5945,1.0,purchase,1
12713,4245,1.0,purchase,1
12713,4259,1.0,purchase,1
10082,4257,1.0,purchase,1
12799,4309,1.0,purchase,20
12799,4199,1.0,purchase,1
12276,4396,1.0,purchase,9
12276,8010,1.0,purchase,1
11057,5295,1.0,purchase,6
12838,7738,1.0,purchase,2
15382,3877,1000.0,purchase,1
16910,3791,1.0,purchase,10
16909,4572,1.0,purchase,4
17620,4442,1000.0,purchase,1
17619,3698,1000.0,purchase,1
11646,3895,1.0,purchase,20
11646,6213,1.0,purchase,3
11646,4905,1.0,purchase,1
11646,5325,1.0,purchase,1
10936,3889,1.0,purchase,1
17495,8763,1.0,purchase,1
17495,8556,1.0,purchase,1
15034,6104,1.0,purchase,2
17740,8762,1.0,purchase,1
17739,8761,100.0,purchase,1
17738,8760,1.0,purchase,1
14903,5944,1.0,purchase,1
14902,5943,1.0,purchase,1
14054,4982,1.0,purchase,5
15357,6439,1.0,purchase,1
15356,6438,1.0,purchase,1
15355,6437,1.0,purchase,1
15354,6436,1.0,purchase,1
15353,6435,1.0,purchase,2
18229,9091,1.0,purchase,2
18230,4068,1.0,purchase,2
13823,4781,1.0,purchase,1
18113,8117,1.0,purchase,6
17539,8599,1000.0,purchase,1
17538,8598,1.0,purchase,1
13412,4168,1.0,purchase,13
17537,8597,1.0,purchase,2
17536,8596,1.0,purchase,2
17535,8595,1.0,purchase,1
16054,7130,1.0,purchase,5
15664,6083,1.0,purchase,8
15662,6761,1.0,purchase,3
12334,4765,1.0,purchase,2
12335,4764,1.0,purchase,2
13819,4763,1.0,purchase,1
13818,4762,1.0,purchase,1
11663,5113,1.0,purchase,1
14160,5112,1.0,purchase,4
12770,4318,1.0,purchase,7
10626,6026,1.0,purchase,3
18168,3826,1.0,purchase,1
18168,3825,1.0,purchase,1
18168,4922,1.0,purchase,1
18170,3825,1.0,purchase,3
18170,3826,1.0,purchase,1
18169,4922,1.0,purchase,3
18169,3826,1.0,purchase,1
17907,4923,1.0,purchase,3
14226,5521,1.0,purchase,9
14226,4901,1.0,purchase,1
14564,5511,1.0,purchase,4
13850,4811,1.0,purchase,3
15187,6096,1.0,purchase,1
13603,3698,1000.0,purchase,1
13602,3698,1000.0,purchase,1
16032,8973,1.0,purchase,1
16032,7272,1.0,purchase,1
18106,8972,1.0,purchase,1
13828,4796,1.0,purchase,1
13780,4728,1.0,purchase,5
11956,4460,1.0,purchase,2
15458,6536,1.0,purchase,1
15457,6535,1.0,purchase,1
15456,6534,1.0,purchase,1
15455,6533,1.0,purchase,1
15454,6532,1.0,purchase,1
14489,5438,1000.0,purchase,1
15666,6764,1.0,purchase,2
15665,6763,1.0,purchase,2
15663,6762,1.0,purchase,1
13319,3918,1.0,purchase,9
13404,4160,1.0,purchase,7
13847,4809,1.0,purchase,4
15660,6759,1.0,purchase,1
10433,5177,1.0,purchase,10
10433,5408,5.0,purchase,2
13348,4069,1.0,purchase,7
13348,4071,500.0,purchase,1
10429,4636,1.0,purchase,9
10429,8716,1.0,purchase,1
12718,5383,1.0,purchase,1
12938,3810,1.0,purchase,11
17117,8205,1.0,purchase,7
17117,8093,1.0,purchase,4
15693,4423,1.0,purchase,7
10543,4627,1.0,purchase,3
12282,5213,1.0,purchase,3
11645,4744,1.0,purchase,14
11647,4967,1.0,purchase,7
11647,5327,1.0,purchase,1
12331,4254,1.0,purchase,3
15426,6511,1.0,purchase,3
8877,3884,1.0,purchase,2
7861,6112,1.0,purchase,2
7861,5924,1.0,purchase,1
12840,4152,1.0,purchase,5
11967,7695,1.0,purchase,1
16997,4012,1000.0,purchase,1
12253,5386,1.0,purchase,4
10711,4232,1.0,purchase,14
13174,4221,1.0,purchase,8
11225,6387,1.0,purchase,1
11225,6569,1.0,purchase,2
13021,5387,1.0,purchase,2
17161,3698,1000.0,purchase,1
17160,3698,1000.0,purchase,1
14438,3792,1.0,purchase,1
17770,8825,1.0,purchase,3
17868,6522,1.0,purchase,2
14166,5087,1.0,purchase,1
14165,5086,1.0,purchase,1
13793,4455,100.0,purchase,1
13792,4454,100.0,purchase,1
13791,4453,100.0,purchase,1
13790,4452,100.0,purchase,1
13789,4451,100.0,purchase,1
18114,7013,1.0,purchase,2
18102,8951,1.0,purchase,1
12908,6004,1.0,purchase,2
12908,3950,1.0,purchase,1
15044,7070,1.0,purchase,2
15044,6108,1.0,purchase,2
18101,8950,1.0,purchase,1
18100,8949,1.0,purchase,1
18099,8948,1.0,purchase,1
18098,8947,1.0,purchase,1
18097,8946,100.0,purchase,1
18096,8945,100.0,purchase,1
18095,8944,1.0,purchase,1
18094,8943,1.0,purchase,1
18093,8942,1.0,purchase,1
10217,7553,1.0,purchase,5
7874,4628,1.0,purchase,1
16830,7924,1.0,purchase,1
17205,8241,1.0,purchase,1
17204,8240,1.0,purchase,1
14174,5126,1000.0,purchase,1
14174,6040,1000.0,purchase,1
17954,9193,1.0,purchase,3
17531,8612,1.0,purchase,2
14368,5335,1.0,purchase,3
13458,3952,1.0,purchase,4
11148,4806,1.0,purchase,9
16219,7369,1.0,purchase,1
17000,7928,1.0,purchase,1
14523,5443,1.0,purchase,6
17146,8192,1.0,purchase,1
12376,4741,1.0,purchase,12
15336,6367,1.0,purchase,1
15335,6366,1.0,purchase,1
13688,3877,1000.0,purchase,1
11270,4055,1.0,purchase,11
11990,4872,1.0,purchase,2
12213,3883,1.0,purchase,5
12213,5345,1.0,purchase,13
12213,5346,1.0,purchase,1
12213,4413,1.0,purchase,2
12213,7251,1.0,purchase,1
16279,3758,1.0,purchase,3
16284,7443,1.0,purchase,1
13678,4542,1.0,purchase,4
18104,8963,1.0,purchase,1
15653,7961,1.0,purchase,3
13568,4437,1.0,purchase,4
11103,4567,1.0,purchase,11
13883,4442,1000.0,purchase,1
13882,3698,1000.0,purchase,1
13881,3698,1000.0,purchase,1
18227,5194,1.0,purchase,2
18112,8970,1.0,purchase,5
13806,3877,1000.0,purchase,1
15541,4117,1.0,purchase,2
16416,3877,1000.0,purchase,1
10598,3789,1.0,purchase,6
16251,7409,1.0,purchase,1
16250,7408,1.0,purchase,1
16249,7407,1.0,purchase,1
16248,7406,1.0,purchase,1
16247,7405,1.0,purchase,2
16246,7404,1.0,purchase,3
16245,7403,1.0,purchase,2
15760,6863,1.0,purchase,5
11588,7402,1.0,purchase,1
16244,7401,1.0,purchase,3
16243,7400,1.0,purchase,2
16242,7399,1.0,purchase,2
12002,7398,1.0,purchase,4
12001,7397,1.0,purchase,3
16241,7396,1.0,purchase,3
16240,7395,1.0,purchase,2
15759,6862,1.0,purchase,5
16239,7382,1.0,purchase,6
16238,7394,1.0,purchase,4
11194,7381,1.0,purchase,5
17635,8684,1.0,purchase,1
17634,8683,1.0,purchase,1
14053,4981,1.0,purchase,5
14056,4984,1.0,purchase,5
17837,6241,0.02,purchase,1
17826,8835,1.0,purchase,1
17827,6910,1.0,purchase,1
18466,3695,1000.0,purchase,1
18467,3698,1000.0,purchase,1
13276,3809,1.0,purchase,2
15423,6502,1.0,purchase,1
17974,6240,1.0,purchase,4
17127,8184,1.0,purchase,1
17438,8499,1.0,purchase,2
18642,9412,1.0,purchase,2
11470,4534,1.0,purchase,13
10671,3742,1.0,purchase,14
13880,3698,1000.0,purchase,1
13879,3698,1000.0,purchase,1
12309,4514,1.0,purchase,7
12309,7697,1.0,purchase,2
16234,7390,1.0,purchase,1
14199,5158,1.0,purchase,1
10715,4922,1.0,purchase,7
17583,4117,1.0,purchase,1
15801,6903,1.0,purchase,5
15755,6859,1.0,purchase,1
15755,6858,1.0,purchase,1
15754,6858,1.0,purchase,1
15754,9299,1.0,purchase,1
16701,7767,1.0,purchase,1
16700,7766,1.0,purchase,1
10654,3978,1.0,purchase,9
10654,4358,1.0,purchase,1
17832,3698,1000.0,purchase,1
17833,3698,1000.0,purchase,1
13514,4357,1.0,purchase,2
13513,4354,1.0,purchase,2
11739,4966,1.0,purchase,4
11739,4839,1.0,purchase,1
12761,5586,1.0,purchase,3
12808,4314,1.0,purchase,2
13487,4313,1.0,purchase,2
13491,4312,1.0,purchase,2
14722,5576,1.0,purchase,1
18494,9222,1.0,purchase,1
12895,9221,1.0,purchase,1
18493,9220,1.0,purchase,1
17484,8665,1.0,purchase,1
17486,9219,1.0,purchase,1
12896,5721,1.0,purchase,2
12897,9218,1.0,purchase,1
15171,6079,1.0,purchase,4
12900,4436,1.0,purchase,5
16868,7960,1.0,purchase,3
13113,4644,1.0,purchase,6
18492,9217,1.0,purchase,1
13749,4655,1.0,purchase,1
16852,3698,1000.0,purchase,1
14558,3695,1000.0,purchase,1
14557,3695,1000.0,purchase,1
14577,5522,0.166667,purchase,4
17549,8586,5.0,purchase,1
17071,8127,1.0,purchase,7
15166,5388,1.0,purchase,1
14713,4528,1.0,purchase,2
15165,4529,1.0,purchase,1
15164,3846,1.0,purchase,2
15163,4527,1.0,purchase,1
14898,5313,1.0,purchase,2
15162,4834,1.0,purchase,2
14897,4833,1.0,purchase,2
15161,4831,1.0,purchase,3
14228,4829,1.0,purchase,6
14896,4830,1.0,purchase,4
15160,4827,1.0,purchase,3
14597,5549,1.0,purchase,3
14597,5547,1.0,purchase,1
14596,5548,1.0,purchase,2
14595,5547,1.0,purchase,2
14595,5548,1.0,purchase,1
15159,4115,1.0,purchase,1
14864,4525,1.0,purchase,2
14863,3844,1.0,purchase,2
16682,7748,1.0,purchase,2
16681,7747,1.0,purchase,1
16729,3792,1.0,purchase,2
14589,3972,1.0,purchase,8
16582,7656,1.0,purchase,4
18130,8609,1.0,purchase,1
17861,8610,1.0,purchase,2
18131,3844,1.0,purchase,2
18132,4524,1.0,purchase,1
18133,4523,1.0,purchase,1
18134,4525,1.0,purchase,1
18135,4827,1.0,purchase,1
18136,4830,1.0,purchase,1
18137,4829,1.0,purchase,1
18138,4831,1.0,purchase,2
18139,5313,1.0,purchase,1
18140,4833,1.0,purchase,1
18141,4834,1.0,purchase,1
18231,4330,1.0,purchase,3
18231,4265,1.0,purchase,1
18231,4266,1.0,purchase,1
17510,8494,0.083333,purchase,2
17508,8492,0.083333,purchase,2
14752,5705,1.0,purchase,4
14885,5936,1.0,purchase,2
14885,6667,0.1,purchase,1
14795,6189,1.0,purchase,6
15248,6298,1.0,purchase,1
15247,6297,1.0,purchase,1
15246,6296,1.0,purchase,1
17708,8755,1.0,purchase,2
17756,7861,1.0,purchase,1
11299,4756,1.0,purchase,7
10811,5905,1.0,purchase,6
10810,4118,1.0,purchase,7
10560,4284,1.0,purchase,3
10644,5368,1.0,purchase,6
14409,5367,1.0,purchase,1
12010,5366,1.0,purchase,2
14408,5365,1.0,purchase,2
14407,5364,1.0,purchase,2
14406,5363,1.0,purchase,1
11747,4358,1.0,purchase,19
11747,3979,1.0,purchase,1
10656,3979,1.0,purchase,23
10656,4654,1.0,purchase,1
10656,4358,1.0,purchase,2
18045,8960,1.0,purchase,1
18046,8961,1.0,purchase,1
14073,5025,1.0,purchase,7
18723,4988,1000.0,purchase,1
16688,7765,1.0,purchase,1
16687,7764,1.0,purchase,1
13350,4060,1.0,purchase,3
10430,3909,1.0,purchase,7
10430,5408,1.0,purchase,5
10670,5407,1.0,purchase,1
10670,9605,1.0,purchase,1
10670,6708,1.0,purchase,2
10670,3751,10.0,purchase,1
10670,4064,1.0,purchase,1
13831,7908,1.0,purchase,2
13831,4791,1.0,purchase,2
11968,4061,1.0,purchase,9
10432,5937,1.0,purchase,4
10432,8776,0.001,purchase,1
10528,4066,1.0,purchase,1
10528,7427,1.0,purchase,2
10528,5343,1.0,purchase,5
12344,3748,1.0,purchase,7
12344,4735,5.0,purchase,1
12344,3754,5.0,purchase,1
15510,6597,1.0,purchase,3
17735,6415,1.0,purchase,1
16263,6412,1.0,purchase,2
17734,8774,1.0,purchase,1
16264,6413,1.0,purchase,2
8114,9598,1.0,purchase,1
10479,4488,1.0,purchase,3
18720,8812,1.0,purchase,2
15435,6499,1.0,purchase,1
15434,6498,1.0,purchase,1
15433,6497,1.0,purchase,1
15432,6496,1.0,purchase,1
17748,3695,1000.0,purchase,1
16423,7551,1.0,purchase,1
16422,7550,100.0,purchase,1
16422,8554,100.0,purchase,1
16421,7549,100.0,purchase,1
16420,7548,1.0,purchase,1
15043,6107,1.0,purchase,2
16419,7547,1.0,purchase,1
16418,7546,2.40096,purchase,1
13277,3879,1.0,purchase,9
15589,6707,1.0,purchase,3
15735,6831,1.0,purchase,3
15735,3903,1.0,purchase,7
12423,3753,1.0,purchase,1
12423,5017,1.0,purchase,6
12423,8967,2.0,purchase,1
12423,6830,1.0,purchase,1
12423,7359,1.0,purchase,1
17838,8775,1.0,purchase,1
17839,8659,1.0,purchase,1
17840,8777,1.0,purchase,1
18622,9385,1.0,purchase,1
18623,9386,1.0,purchase,1
13313,9387,1.0,purchase,1
13313,5428,1.0,purchase,3
13313,8099,1.0,purchase,2
13313,4519,1.0,purchase,3
13313,6234,1.0,purchase,2
12374,9388,1.0,purchase,1
12374,5901,1.0,purchase,4
12374,8369,1.0,purchase,1
12374,4985,1.0,purchase,2
12374,3987,1.0,purchase,2
14751,3986,1.0,purchase,9
16965,3985,1.0,purchase,3
14158,5097,1.0,purchase,1
14157,5096,1.0,purchase,1
14156,5095,1.0,purchase,2
14155,5094,1.0,purchase,1
14154,5093,1.0,purchase,1
11654,7696,1.0,purchase,2
11654,5699,1.0,purchase,1
14789,5746,1.0,purchase,3
15539,3698,1000.0,purchase,1
17587,8620,1.0,purchase,1
17444,8508,1.0,purchase,2
17547,8083,1.0,purchase,2
17546,8082,1.0,purchase,3
16764,7831,1.0,purchase,2
17545,8579,1.0,purchase,1
17272,8336,1.0,purchase,2
17544,8578,1.0,purchase,1
17043,6614,1.0,purchase,2
11959,4536,1.0,purchase,1
11959,5886,1.0,purchase,5
10566,5493,0.0002,purchase,2
10566,5882,0.0002,purchase,1
14399,4115,1.0,purchase,2
13700,4584,1.0,purchase,4
16837,3698,1000.0,purchase,1
18646,9413,1.0,purchase,1
18641,9414,1.0,purchase,1
17433,4359,1.0,purchase,14
17121,3977,1.0,purchase,8
17121,9130,1.0,purchase,1
17121,3975,1.0,purchase,3
17121,3976,1.0,purchase,3
17121,4573,1.0,purchase,1
17121,4751,1.0,purchase,1
15331,3792,1.0,purchase,8
17241,5486,1.0,purchase,2
14609,5556,1.0,purchase,3
15145,3792,1.0,purchase,1
15001,6041,1.0,purchase,2
10208,5426,1.0,purchase,1
15834,6911,1.0,purchase,3
12705,5674,1.0,purchase,2
11229,4415,1.0,purchase,1
17622,3698,1000.0,purchase,1
17122,4573,1.0,purchase,1
13269,3795,1.0,purchase,2
15883,6993,1.0,purchase,2
17239,5484,1.0,purchase,3
17316,3979,1.0,purchase,3
17324,7656,1.0,purchase,2
18664,9476,1.0,purchase,1
18185,9477,1.0,purchase,1
18185,9032,1.0,purchase,1
18665,9032,1.0,purchase,1
14015,4958,1000.0,purchase,1
15680,6787,1.0,purchase,1
11834,5922,1.0,purchase,3
18220,4057,1.0,purchase,1
15807,3698,1000.0,purchase,1
17238,3695,1000.0,purchase,1
17866,7570,1000.0,purchase,1
17867,3698,1000.0,purchase,1
15728,6821,1.0,purchase,4
18354,4954,1.0,purchase,1
11147,3839,1.0,purchase,7
11146,3840,1.0,purchase,7
16819,7902,1.0,purchase,1
16818,7901,1.0,purchase,1
12373,7900,1.0,purchase,1
12373,4825,1.0,purchase,3
13567,4442,1000.0,purchase,1
13566,3698,1000.0,purchase,1
16870,7963,100.0,purchase,1
17586,8656,1.0,purchase,1
17585,8655,1.0,purchase,1
13782,4731,1.0,purchase,4
13781,4730,1.0,purchase,4
16338,7463,1.0,purchase,1
16337,7462,1.0,purchase,1
16337,7559,1.0,purchase,2
12488,7196,1.0,purchase,3
16336,7461,1.0,purchase,1
16334,7460,1.052632,purchase,1
10428,7194,1.0,purchase,2
10428,6704,1.0,purchase,5
10428,4063,1.0,purchase,1
16332,7458,1.0,purchase,1
12026,4289,1.0,purchase,3
15511,6603,1.0,purchase,1
17589,8667,1.0,purchase,1
13547,4410,1.0,purchase,1
13546,4408,1.0,purchase,1
14773,3698,1000.0,purchase,1
13530,4395,1.0,purchase,4
15757,3792,1.0,purchase,2
15646,6745,1.0,purchase,1
15645,6744,1.0,purchase,1
15644,6743,1.0,purchase,1
15643,6742,1.0,purchase,2
15642,6741,1.0,purchase,2
15641,6740,1.0,purchase,1
15640,6739,1.0,purchase,1
13376,3956,1.0,purchase,1
13375,3870,1.0,purchase,5
17517,8577,1.0,purchase,1
10799,4369,1.0,purchase,6
13320,3919,1.0,purchase,8
16758,7845,1.0,purchase,1
14554,5495,1.0,purchase,2
14553,5494,1.0,purchase,1
13442,4175,1.0,purchase,2
12011,4751,1.0,purchase,4
14417,5375,1.0,purchase,2
11473,3904,1.0,purchase,2
10994,4640,1.0,purchase,1
10994,5720,1.0,purchase,2
13739,4639,1.0,purchase,8
10421,4638,1.0,purchase,1
13827,4785,1.0,purchase,1
18277,9019,1.0,purchase,1
18107,8974,1.0,purchase,1
18211,9084,1.0,purchase,1
14911,6121,1.0,purchase,3
14768,6810,1.0,purchase,1
14768,5711,1.0,purchase,2
15302,6359,1.0,purchase,2
15722,6809,1.0,purchase,1
15721,6808,1.0,purchase,1
14449,6807,1.0,purchase,1
14201,4442,1000.0,purchase,1
14200,3698,1000.0,purchase,1
18486,9192,1.0,purchase,1
18629,4470,1.0,purchase,1
18630,7762,1.0,purchase,1
18631,5269,1.0,purchase,1
18632,6477,1.0,purchase,1
18633,4462,1.0,purchase,1
18634,4463,1.0,purchase,1
18635,5270,1.0,purchase,1
18636,4464,1.0,purchase,1
10838,4326,1.0,purchase,6
18506,9269,1.0,purchase,1
18505,9268,1.0,purchase,1
18504,9267,1.0,purchase,1
10860,4103,1.0,purchase,5
16696,7761,1.0,purchase,4
11375,5418,1.0,purchase,4
13362,4117,1.0,purchase,1
13834,3698,1000.0,purchase,1
11089,5902,1.0,purchase,1
11089,5706,1.0,purchase,1
11089,3984,1.0,purchase,1
11089,6548,1.0,purchase,1
10758,3991,1.0,purchase,12
10757,3990,1.0,purchase,12
11088,3985,1.0,purchase,14
14065,5021,1.0,purchase,1
11732,5020,1.0,purchase,3
14064,5019,1.0,purchase,2
14107,5058,1.0,purchase,1
10313,4948,1.0,purchase,2
10312,4947,1.0,purchase,1
10312,5429,1.0,purchase,1
16702,3695,1000.0,purchase,1
17156,3698,1000.0,purchase,1
10742,4227,1.0,purchase,6
10779,7640,1.0,purchase,2
14153,7036,1.0,purchase,5
14153,5103,1.0,purchase,4
16633,7671,1.0,purchase,2
14035,4956,1.0,purchase,2
12084,6822,1.0,purchase,1
18017,4528,1.0,purchase,1
17327,8376,1.0,purchase,3
18673,9503,1000.0,purchase,1
17971,3698,1000.0,purchase,1
14709,5662,1.0,purchase,2
17348,6969,0.0002,purchase,4
17348,6970,1.0,purchase,1
15859,6968,1.0,purchase,8
18517,9296,1.0,purchase,1
14312,5258,1.0,purchase,3
14312,5180,1.0,purchase,1
15555,3698,1000.0,purchase,1
15554,3698,1000.0,purchase,1
16900,3857,1.0,purchase,1
16899,7982,1.0,purchase,1
17488,8511,1.0,purchase,1
13714,4256,1.0,purchase,1
13713,3849,1.0,purchase,1
14775,3695,1000.0,purchase,1
11779,4750,1.0,purchase,5
11496,5279,1.0,purchase,3
11085,5031,1.0,purchase,3
12460,4917,1.0,purchase,9
12939,7065,1.0,purchase,2
10997,4502,1.0,purchase,3
10563,4137,1.0,purchase,2
15206,6251,1.0,purchase,1
17543,8936,1.0,purchase,1
17543,8583,1.0,purchase,2
16987,3801,1.0,purchase,5
14242,4988,1000.0,purchase,1
16005,7511,1.0,purchase,4
11657,6733,1.0,purchase,3
12291,9313,1.0,purchase,1
18553,9312,1.0,purchase,1
18552,9311,1.0,purchase,1
14184,5142,1.0,purchase,3
18551,6000,1.0,purchase,1
14189,5149,1.0,purchase,3
14187,5147,1.0,purchase,3
16543,8425,1.0,purchase,2
16543,7579,1.0,purchase,1
17374,8417,1.0,purchase,2
18550,9310,1.0,purchase,1
18549,9309,1.0,purchase,1
18548,5997,1.0,purchase,1
18547,5996,1.0,purchase,1
17797,5133,1.0,purchase,2
17797,8428,1.0,purchase,1
17797,8650,1.0,purchase,1
18546,5128,1.0,purchase,1
18144,3731,1.0,purchase,2
14314,5272,1.0,purchase,1
14641,5584,0.502,purchase,4
15351,6434,1.0,purchase,4
11529,6433,1.0,purchase,2
13242,3738,1.0,purchase,4
13241,3737,1.0,purchase,2
13759,4706,1.0,purchase,10
17182,8220,1.0,purchase,1
16976,8056,1.0,purchase,4
13690,4563,1.0,purchase,6
15274,6333,1.0,purchase,7
15274,9570,1.0,purchase,1
15743,6847,1.0,purchase,1
14081,5003,1.0,purchase,3
15742,6846,1.0,purchase,1
15273,6332,1.0,purchase,1
7764,5292,1.0,purchase,3
7764,5604,1.0,purchase,1
7764,3907,1.0,purchase,1
7764,7202,1.0,purchase,1
7764,7252,1.0,purchase,1
18637,7630,1.0,purchase,1
10753,5304,1.0,purchase,10
18027,8955,1.0,purchase,1
18028,4742,1.0,purchase,1
18029,5299,1.0,purchase,1
18030,5193,1.0,purchase,1
18031,8956,1.0,purchase,1
18032,4230,1.0,purchase,2
18032,8968,0.2,purchase,1
18033,8957,1.0,purchase,1
18034,4873,1.0,purchase,1
18035,4224,1.0,purchase,2
18036,4421,1.0,purchase,1
18019,5710,1.0,purchase,1
16500,7568,1.0,purchase,1
16499,7567,1.0,purchase,1
16498,7566,1.0,purchase,1
16271,7418,1.0,purchase,2
13208,3701,1.0,purchase,1
9158,7860,1.0,purchase,5
17325,8375,1.0,purchase,1
15509,6595,100.0,purchase,1
15508,6594,1.0,purchase,1
12729,5678,1.0,purchase,1
12729,7749,1.0,purchase,1
12729,6971,1.0,purchase,1
16340,7492,1.0,purchase,1
16339,7491,1.0,purchase,1
17041,3698,1000.0,purchase,1
12699,7986,1.0,purchase,2
12699,5007,1000.0,purchase,4
12699,7242,1.0,purchase,1
16680,6084,1.0,purchase,5
13413,4246,1.0,purchase,4
13028,7912,1.0,purchase,1
13028,8356,1.0,purchase,2
17108,8156,1.0,purchase,1
17107,8155,1.0,purchase,2
17106,8153,1.0,purchase,1
17105,8152,1.0,purchase,1
17104,7917,1.0,purchase,1
16061,7138,1.0,purchase,2
11186,6988,1.0,purchase,1
11218,4138,1.0,purchase,6
10297,3886,1.0,purchase,3
17174,8216,1.0,purchase,1
17173,8215,1.0,purchase,1
12810,7339,1.0,purchase,4
12809,7338,1.0,purchase,5
16781,7869,1.0,purchase,3
17632,3698,1000.0,purchase,1
17631,3698,1000.0,purchase,1
18355,9188,1.0,purchase,2
12400,5526,1.0,purchase,4
12394,6609,1.0,purchase,1
18644,3695,1000.0,purchase,1
7147,9459,1.0,purchase,1
15471,9458,1.0,purchase,1
15471,6546,1.0,purchase,2
15471,7204,1.0,purchase,1
18656,9460,1.0,purchase,1
18656,9569,1.0,purchase,1
8020,4927,1.0,purchase,1
8020,7223,1.0,purchase,1
18304,5179,1.0,purchase,3
17118,9391,1.0,purchase,1
17118,8831,10.0,purchase,1
17532,9392,1.0,purchase,2
17532,8611,1.0,purchase,1
18657,9461,1.0,purchase,1
13553,4870,1.0,purchase,4
13553,4416,0.01,purchase,1
11624,4869,1.0,purchase,1
11624,7710,1.0,purchase,1
11624,7979,1.0,purchase,1
12946,4868,1.0,purchase,1
12946,5257,1.0,purchase,1
12125,4867,1.0,purchase,2
12125,4630,1.0,purchase,1
14339,4117,1.0,purchase,1
18346,3695,1000.0,purchase,1
16535,6312,1.0,purchase,1
16535,7628,1.0,purchase,1
16354,7504,1.0,purchase,2
17441,8502,1.0,purchase,1
17440,8501,1.0,purchase,1
17439,8500,1.0,purchase,1
17437,8498,1.0,purchase,1
17386,3743,0.5,purchase,1
15186,6243,1.0,purchase,3
12940,4635,1.0,purchase,2
17604,7491,1.0,purchase,1
17603,8681,1.0,purchase,1
15618,6729,1.0,purchase,2
16180,7321,1.0,purchase,1
16179,7320,1.0,purchase,1
16047,7166,1.0,purchase,2
16178,7319,1.0,purchase,1
16177,7318,1.0,purchase,1
15611,6722,1.0,purchase,2
16176,7317,1.0,purchase,1
16175,7316,1.0,purchase,1
16174,7315,1.0,purchase,1
18013,3814,1.0,purchase,2
10688,4319,1.0,purchase,3
10688,4029,1.0,purchase,1
15217,6266,1.0,purchase,1
14562,5508,1.0,purchase,4
15216,6265,1.0,purchase,2
15214,6264,1.0,purchase,5
15213,6263,1.0,purchase,1
13398,4015,1.0,purchase,8
15196,5929,1.0,purchase,2
13744,4648,1.0,purchase,7
15212,6262,1.0,purchase,2
15211,6261,1.0,purchase,2
14759,5716,1.0,purchase,4
16132,7279,1000.0,purchase,5
16131,7278,1003.003003,purchase,6
13588,4446,1.0,purchase,1
13587,4445,1.0,purchase,1
13586,4444,1.0,purchase,1
13585,4443,1.0,purchase,1
14559,3695,1000.0,purchase,1
14202,5176,1.0,purchase,1
15283,6343,1.0,purchase,7
15283,4259,1.0,purchase,1
17186,3698,1000.0,purchase,1
17185,3698,1000.0,purchase,1
10709,7807,1.0,purchase,3
10709,7809,0.1,purchase,1
14227,5192,1.0,purchase,1
15707,5980,1.0,purchase,3
15706,6796,1.0,purchase,1
12363,5426,1.0,purchase,1
17290,8293,1.0,purchase,1
17289,8292,1.0,purchase,1
17288,8291,1.0,purchase,1
17287,8290,1.0,purchase,1
17286,8289,1.0,purchase,1
16984,8022,1.0,purchase,4
16983,8021,1.0,purchase,3
17285,8288,1.0,purchase,1
17284,8287,1.0,purchase,1
17283,8286,1.0,purchase,2
17282,8076,1.0,purchase,1
17281,8285,1.0,purchase,1
12187,5689,1.0,purchase,5
16505,7440,1.0,purchase,1
16504,7564,1.0,purchase,1
16503,7563,1.0,purchase,1
16502,7562,1.0,purchase,1
16501,7437,10000.0,purchase,1
15127,6197,1.0,purchase,1
15126,6196,1.0,purchase,1
16902,7985,1.0,purchase,1
15290,7984,1.0,purchase,1
15290,6345,1.0,purchase,1
16901,7983,1.0,purchase,1
18311,9144,1.0,purchase,2
13992,3695,1000.0,purchase,1
14730,5677,1.0,purchase,4
10609,5310,1.0,purchase,9
17556,8618,1.0,purchase,1
15564,6680,1.0,purchase,4
17978,8914,1.0,purchase,1
17979,8915,1.0,purchase,1
17980,8916,1.0,purchase,1
15889,7002,1.0,purchase,5
15257,6305,1.0,purchase,1
15256,6304,1.0,purchase,1
15255,6303,1.0,purchase,1
15254,6302,1.0,purchase,1
15253,6301,1.0,purchase,1
15252,6300,1.0,purchase,1
15251,6299,1.0,purchase,1
14183,5141,1.0,purchase,4
10486,5140,1.0,purchase,2
14181,5136,1.0,purchase,4
14181,5129,1.0,purchase,1
16556,7592,1.0,purchase,1
16555,7591,1.0,purchase,1
16555,8421,1.0,purchase,2
16554,7590,1.0,purchase,1
16553,7589,1.0,purchase,1
16552,7588,1.0,purchase,1
16552,8405,1.0,purchase,1
16551,7587,1.0,purchase,1
16551,8430,1.0,purchase,1
16550,7586,1.0,purchase,1
16550,5133,1.0,purchase,1
16550,8428,1.0,purchase,1
16549,7585,1.0,purchase,1
16548,7584,1.0,purchase,1
16547,7583,1.0,purchase,1
16546,7582,1.0,purchase,1
16545,7581,1.0,purchase,1
16545,8407,1.0,purchase,1
16544,7580,1.0,purchase,1
16542,7578,1.0,purchase,1
16542,8423,1.0,purchase,1
14975,6019,1.0,purchase,1
14974,6018,1.0,purchase,1
16291,7446,1.0,purchase,1
16291,8265,1.0,purchase,1
16290,7445,1.0,purchase,1
16289,7444,1.0,purchase,1
13841,4807,1.0,purchase,1
13421,4159,1.0,purchase,3
12333,4157,1.0,purchase,2
12332,4156,1.0,purchase,2
16586,7658,1.0,purchase,3
14105,5052,1.0,purchase,1
16481,7557,1.0,purchase,2
15399,6463,1.0,purchase,1
14037,4921,1.0,purchase,3
14057,4928,1.0,purchase,2
15397,6461,1.0,purchase,1
14826,5766,1.0,purchase,2
15396,6460,1.0,purchase,1
14804,5757,1.0,purchase,2
15395,6459,1.0,purchase,2
15394,6458,1.0,purchase,1
15393,6457,1.0,purchase,1
15392,6456,1.0,purchase,1
15390,6454,1.0,purchase,1
15193,6240,1.0,purchase,7
17628,3695,1000.0,purchase,1
17627,3695,1000.0,purchase,1
18361,4442,1000.0,purchase,1
18362,3698,1000.0,purchase,1
16604,3698,1000.0,purchase,1
16603,3698,1000.0,purchase,1
17323,7651,1.0,purchase,2
15474,6527,1000.0,purchase,1
15473,6527,1000.0,purchase,1
15599,6716,1.0,purchase,1
17528,8608,1.0,purchase,1
14818,5777,1.0,purchase,3
17048,3698,1000.0,purchase,1
17752,8819,1.0,purchase,2
13870,4845,1.0,purchase,2
18403,6609,1.0,purchase,1
18404,9226,1.0,purchase,1
17242,7804,1.0,purchase,1
16895,3974,1.0,purchase,2
17240,7325,1.0,purchase,1
17124,8181,1.0,purchase,1
15111,6177,1.0,purchase,1
15110,6176,100.0,purchase,1
12323,4249,1.0,purchase,3
10416,4399,1.0,purchase,1
15484,3698,1000.0,purchase,1
18398,4053,1.0,purchase,1
13420,4180,1.0,purchase,2
13419,4179,1.0,purchase,1
12372,6823,1.0,purchase,1
12372,5734,1.0,purchase,2
12372,4824,1.0,purchase,1
12372,6233,1.0,purchase,1
16051,7150,1.0,purchase,1
16050,7149,1.0,purchase,1
17025,8096,1.0,purchase,3
17255,8284,1.0,purchase,1
16222,7494,1.0,purchase,1
16223,7493,1.0,purchase,1
15648,3698,1000.0,purchase,1
15647,3698,1000.0,purchase,1
17443,8507,1.0,purchase,1
17070,8116,1.0,purchase,2
15339,6419,1.0,purchase,3
15047,3698,1000.0,purchase,1
18009,8941,1.0,purchase,1
18010,8940,1.0,purchase,1
18011,8939,1.0,purchase,1
18012,8938,1.0,purchase,1
17798,8421,1.0,purchase,1
17799,8416,1.0,purchase,1
17800,5141,1.0,purchase,1
17800,8410,1.0,purchase,1
17801,5137,1.0,purchase,1
17801,3732,1.0,purchase,1
17802,5130,1.0,purchase,1
17802,6000,1.0,purchase,1
17802,8425,1.0,purchase,1
17803,8425,1.0,purchase,1
17803,5131,1.0,purchase,1
17803,3735,1.0,purchase,1
17804,8827,1.0,purchase,1
17804,9159,1.0,purchase,1
16218,7367,1.0,purchase,1
16217,7366,1.0,purchase,1
16216,7365,1.0,purchase,1
12484,4214,1.0,purchase,3
12697,5016,1.0,purchase,6
11023,4212,1.0,purchase,4
11023,5853,1.0,purchase,2
15882,6999,1.0,purchase,3
15751,6856,1.0,purchase,1
17684,8714,1.0,purchase,1
16625,7648,1.0,purchase,1
13424,4184,2.0,purchase,1
13423,4183,100.0,purchase,1
13422,4182,2.0,purchase,1
16747,7841,1.0,purchase,2
16747,3897,0.1,purchase,1
17024,8092,1.0,purchase,1
17023,8091,1.0,purchase,1
10636,6051,1.0,purchase,2
7145,8090,1.0,purchase,2
7145,6545,1.0,purchase,1
7145,5348,1.0,purchase,1
17402,8433,1.0,purchase,1
15903,3698,1000.0,purchase,1
10088,3766,1.0,purchase,10
17530,8610,1.0,purchase,5
11495,4286,1.0,purchase,2
11545,5414,1.0,purchase,1
18359,9196,2.5,purchase,1
18359,6051,1.0,purchase,1
18360,6051,0.4,purchase,1
14828,3698,1000.0,purchase,1
16012,4255,1.0,purchase,1
16011,4256,1.0,purchase,1
15784,3844,1.0,purchase,2
15788,4528,1.0,purchase,3
16009,4831,1.0,purchase,1
15416,4828,1.0,purchase,4
15791,4830,1.0,purchase,2
15793,4827,1.0,purchase,2
16008,4835,1.0,purchase,1
16007,5313,1.0,purchase,1
15570,4833,1.0,purchase,3
15790,4834,1.0,purchase,2
16392,7518,1.0,purchase,1
15045,6109,1.0,purchase,2
11345,4287,1.0,purchase,2
12655,8015,1.0,purchase,1
17102,8162,1.0,purchase,1
15712,3849,1.0,purchase,2
15758,6861,1.0,purchase,1
13695,4578,1.0,purchase,5
12789,7065,1.0,purchase,2
11399,9609,1.0,purchase,1
11399,5205,1.0,purchase,1
17482,8551,1.0,purchase,1
10673,5571,1.0,purchase,1
18468,9294,1.0,purchase,1
18469,9295,1.0,purchase,1
18204,3698,1000.0,purchase,1
13654,4503,1.0,purchase,6
13550,4418,1.0,purchase,4
16483,7560,1.0,purchase,1
14519,5464,1000.0,purchase,1
14518,5463,1000.0,purchase,1
14517,5462,1000.0,purchase,1
14516,5461,1000.0,purchase,1
14515,5460,1000.0,purchase,1
14514,5459,1000.0,purchase,1
14513,5458,1000.0,purchase,1
14512,5457,1000.0,purchase,1
14511,5456,1000.0,purchase,1
14510,5455,1000.0,purchase,1
14509,5454,1000.0,purchase,1
14508,5453,1000.0,purchase,1
14507,5452,1000.0,purchase,1
14506,5451,1000.0,purchase,1
14505,5450,1000.0,purchase,1
14504,5449,1000.0,purchase,1
14503,5448,1000.0,purchase,1
14502,5447,1000.0,purchase,1
14501,5446,1000.0,purchase,1
14500,5445,1000.0,purchase,1
16953,8043,1.0,purchase,1
14591,4117,1.0,purchase,1
15697,6677,1.0,purchase,1
15696,6676,1.0,purchase,1
11150,5578,1.0,purchase,3
17049,8106,10000.0,purchase,1
11187,6765,1.0,purchase,1
17177,8209,10000.0,purchase,1
18397,9214,1.0,purchase,1
14841,5858,1.0,purchase,1
14840,5857,1.0,purchase,1
14839,5856,1.0,purchase,1
14838,5855,1.0,purchase,1
14214,5182,1.0,purchase,4
17750,3695,1000.0,purchase,1
15388,3695,1000.0,purchase,1
18316,5496,1.0,purchase,2
13911,3698,1000.0,purchase,1
13910,3698,1000.0,purchase,1
15422,6501,1.0,purchase,1
14294,5215,1.0,purchase,1
14034,4954,1.0,purchase,2
15284,4117,1.0,purchase,1
17349,3877,1000.0,purchase,1
13694,4580,1.0,purchase,1
15412,7739,1.0,purchase,1
15412,6480,1.0,purchase,2
16657,7740,1.0,purchase,1
16882,4835,1.0,purchase,1
16615,4831,1.0,purchase,4
16614,4830,1.0,purchase,4
16881,4828,1.0,purchase,1
16613,4827,1.0,purchase,2
16880,5313,1.0,purchase,2
16879,4834,1.0,purchase,1
16878,3847,1.0,purchase,1
16877,5388,1.0,purchase,1
16876,4529,1.0,purchase,1
16610,3846,1.0,purchase,2
16875,4528,1.0,purchase,1
16874,4527,1.0,purchase,1
16612,4525,1.0,purchase,2
12143,3823,1.0,purchase,3
12143,4818,1.0,purchase,1
12143,9463,1.0,purchase,1
11467,3816,1.0,purchase,3
15628,6526,1.0,purchase,1
14070,4887,1.0,purchase,2
15627,6525,1.0,purchase,1
15626,6524,1.0,purchase,1
15625,6523,1.0,purchase,1
12296,5750,1.0,purchase,5
12296,3702,1.0,purchase,7
16765,7832,1.0,purchase,1
16760,7830,1.0,purchase,2
16763,7829,1.0,purchase,1
16762,7828,1.0,purchase,1
16761,7827,1.0,purchase,1
16226,3695,1000.0,purchase,1
15287,6342,1.0,purchase,1
15286,6341,1.0,purchase,1
15285,6340,1.0,purchase,1
15602,6719,1.0,purchase,1
15601,6718,1.0,purchase,2
15600,6717,1.0,purchase,1
16597,3698,1000.0,purchase,1
16596,3698,1000.0,purchase,1
17295,4990,1000.0,purchase,1
17294,4989,1000.0,purchase,1
17293,4988,1000.0,purchase,1
17998,8932,1.0,purchase,1
15310,6392,1.0,purchase,1
13115,4646,1.0,purchase,2
17031,4117,1.0,purchase,1
17555,8619,1.0,purchase,1
14322,5282,1.0,purchase,1
14321,5281,1.0,purchase,1
14321,7199,1.0,purchase,1
14320,5280,1.0,purchase,2
13769,4712,1.0,purchase,3
16717,7808,1.0,purchase,1
15756,4117,1.0,purchase,2
14714,4255,1.0,purchase,2
13748,4652,1.0,purchase,1
15524,3698,1000.0,purchase,1
17749,3695,1000.0,purchase,1
15568,3792,1.0,purchase,1
16650,7708,1.0,purchase,1
15832,6909,1.0,purchase,2
16675,7742,1.0,purchase,4
17385,8458,1.0,purchase,1
17692,8752,1.0,purchase,1
17691,8751,1.0,purchase,1
17690,8750,100.0,purchase,1
17689,8749,1.0,purchase,1
17688,8748,1.0,purchase,1
17687,8747,1.0,purchase,1
15384,6470,1.0,purchase,5
17686,8746,1.0,purchase,1
11666,3960,1.0,purchase,3
15312,6391,1.0,purchase,2
15514,6610,100.0,purchase,2
14844,5863,1.0,purchase,1
13472,4265,1.0,purchase,13
15330,6395,1.0,purchase,1
15259,6295,1.0,purchase,3
13786,4733,1.0,purchase,2
14332,4442,1000.0,purchase,1
14331,3698,1000.0,purchase,1
16779,8101,1.0,purchase,3
12416,8100,1.0,purchase,1
12416,6157,1.0,purchase,3
12416,3989,1.0,purchase,2
15874,6980,221.0,purchase,1
17828,8836,1.0,purchase,1
13647,4757,1.0,purchase,4
13647,4506,1.0,purchase,1
14586,5535,1.0,purchase,3
14585,5534,1.0,purchase,4
15227,6280,1.0,purchase,1
18147,3698,1000.0,purchase,1
14556,5390,1.0,purchase,3
13816,4780,1.0,purchase,1
13067,4779,1.0,purchase,1
13815,4778,1.0,purchase,1
13056,4777,1.0,purchase,1
13814,4776,1.0,purchase,1
13813,4775,1.0,purchase,1
13812,4774,1.0,purchase,1
13811,4773,1.0,purchase,1
13058,4772,1.0,purchase,1
13810,4771,1.0,purchase,1
13809,4770,1.0,purchase,1
14662,5615,1.0,purchase,1
13076,5242,100.0,purchase,3
13835,4804,1.0,purchase,3
14986,6033,1.0,purchase,1
14986,6605,1.0,purchase,1
14985,6032,1.0,purchase,1
14984,6031,1.0,purchase,1
14983,6030,1.0,purchase,1
14982,6029,1.0,purchase,1
14981,6028,1.0,purchase,1
14980,6027,1.0,purchase,1
14592,5544,1.0,purchase,2
14593,5545,1.0,purchase,3
14874,5910,1.0,purchase,2
10446,5153,1.0,purchase,5
15990,7068,1.0,purchase,1
16326,7499,1.0,purchase,1
16325,7498,1.0,purchase,1
16324,7497,1.0,purchase,1
11131,3772,1.0,purchase,14
17862,3698,1000.0,purchase,1
16849,7937,1.0,purchase,1
13043,3933,1.0,purchase,1
13043,6127,1.0,purchase,1
13043,4866,1.0,purchase,1
16848,7936,1.0,purchase,1
16847,7935,1.0,purchase,1
16846,7934,1.0,purchase,1
3178,7121,1.0,purchase,1
15300,6356,1.0,purchase,2
16638,7686,1.0,purchase,1
16638,5175,1.0,purchase,1
13038,5174,1.0,purchase,4
13038,6120,1.0,purchase,1
13037,5172,1.0,purchase,3
13045,4401,1.0,purchase,6
16845,7933,1.0,purchase,1
16844,7932,1.0,purchase,1
16843,7931,1.0,purchase,1
16842,7930,1.0,purchase,1
16841,7929,1.0,purchase,1
13105,4647,1.0,purchase,2
15172,6080,1.0,purchase,3
14290,8107,1.0,purchase,1
14290,5238,1.0,purchase,1
11185,6827,1.0,purchase,1
14582,5532,1000.0,purchase,1
14581,5531,1000.0,purchase,1
14580,5530,1000.0,purchase,1
13240,3734,1.0,purchase,4
15830,3698,1000.0,purchase,1
16391,7517,1.0,purchase,1
16390,7516,1.0,purchase,1
16389,7515,1.0,purchase,1
16694,7758,1.0,purchase,2
14801,5759,1.0,purchase,2
18497,9225,1.0,purchase,1
16867,6773,1.0,purchase,2
18496,9224,100.0,purchase,1
18495,9223,1.0,purchase,1
14830,5791,1.0,purchase,4
14829,5790,1.0,purchase,1
15917,7029,1.0,purchase,1
15726,3698,1000.0,purchase,1
14708,5658,1.0,purchase,1
14707,5657,1.0,purchase,1
14706,5656,1.0,purchase,1
14705,5655,1.0,purchase,1
14704,5654,1.0,purchase,1
14703,5653,1.0,purchase,1
14702,5652,1.0,purchase,1
14701,5651,1.0,purchase,1
14700,5650,1.0,purchase,1
14699,5649,1.0,purchase,1
14698,5648,1.0,purchase,1
14697,5647,1.0,purchase,1
14696,5646,1.0,purchase,1
14695,5645,1.0,purchase,1
14694,5644,1.0,purchase,1
14693,5643,1.0,purchase,1
14692,5642,1.0,purchase,1
14691,5641,1.0,purchase,1
16741,7835,1.0,purchase,5
16741,9138,1.0,purchase,2
17857,8861,1.0,purchase,1
15591,6702,1.0,purchase,3
12874,7363,1.0,purchase,1
16907,7970,1.0,purchase,1
10499,3986,1.0,purchase,5
16751,7849,1.0,purchase,1
11193,7848,1.0,purchase,2
14403,4823,1.0,purchase,2
14402,4822,1.0,purchase,2
14401,4821,1.0,purchase,2
14400,4820,1.0,purchase,2
17487,8542,1.0,purchase,1
14994,6052,1.0,purchase,4
18529,8930,1.0,purchase,1
13798,3792,1.0,purchase,1
15540,3698,1000.0,purchase,1
18739,3698,1000.0,purchase,1
14623,5569,1.0,purchase,1
14430,5385,1.0,purchase,2
14749,5707,1.0,purchase,2
15244,4989,1000.0,purchase,1
15243,4988,1000.0,purchase,1
15861,6970,1.0,purchase,2
18232,7656,1.0,purchase,2
14890,3698,1000.0,purchase,1
14889,3698,1000.0,purchase,1
12111,6098,1.0,purchase,1
18310,3698,1000.0,purchase,1
15174,6174,1.0,purchase,1
15893,7005,1.0,purchase,1
16643,7699,1.0,purchase,1
12040,5311,1.0,purchase,8
16606,7676,1.0,purchase,4
15015,6071,1000.0,purchase,1
15014,6070,1000.0,purchase,1
15013,6069,1000.0,purchase,1
15012,6068,1000.0,purchase,1
15011,6067,1000.0,purchase,1
15010,6066,1000.0,purchase,1
15009,6065,1000.0,purchase,1
15008,6064,1000.0,purchase,1
15007,6063,1000.0,purchase,1
16323,7490,1.0,purchase,1
17069,8115,1.0,purchase,1
17068,8114,1.0,purchase,1
17067,8113,1.0,purchase,1
17066,8112,1.0,purchase,1
17065,8111,1.0,purchase,1
17064,8074,1.0,purchase,1
16649,7705,1.0,purchase,3
16954,8046,1.0,purchase,3
14643,4255,1.0,purchase,1
15027,4989,1000.0,purchase,1
15026,4988,1000.0,purchase,1
18015,8937,1.0,purchase,1
17004,7713,1.0,purchase,2
17003,7712,1.0,purchase,2
14415,5373,1.0,purchase,1
17100,8158,1.0,purchase,1
17099,8157,1.0,purchase,1
13265,3849,1.0,purchase,1
12753,3848,1.0,purchase,2
11892,3847,1.0,purchase,1
12777,3846,1.0,purchase,2
11890,3844,1.0,purchase,1
18365,9209,1.0,purchase,1
18366,9208,1.0,purchase,1
15806,6904,1.0,purchase,2
13427,4181,1.0,purchase,2
10826,5667,1.0,purchase,1
14717,5666,1.0,purchase,1
16966,4486,1.0,purchase,3
13745,4649,1.0,purchase,3
14292,5240,1.0,purchase,1
14291,5239,1.0,purchase,2
13746,4650,1.0,purchase,3
13571,4440,1.0,purchase,2
14289,5237,1.0,purchase,2
16698,3964,1000.0,purchase,1
16697,3695,1000.0,purchase,1
15679,3695,1000.0,purchase,1
15678,3695,1000.0,purchase,1
14938,3735,1.0,purchase,1
14938,5996,1.0,purchase,2
17367,8416,1.0,purchase,1
17367,8410,1.0,purchase,1
17993,8918,1.0,purchase,1
14644,5600,1.0,purchase,3
10515,5500,1.0,purchase,9
17534,8604,1.0,purchase,1
17533,8603,1.0,purchase,1
17715,3695,1000.0,purchase,1
11832,3811,1.0,purchase,2
10776,9189,1.0,purchase,2
18528,9308,1.0,purchase,1
11137,5362,1.0,purchase,4
13168,6602,1.0,purchase,1
13167,6601,1.0,purchase,1
13166,6600,1.0,purchase,1
13165,6599,1.0,purchase,1
13169,6598,1.0,purchase,1
16967,4487,1.0,purchase,2
17520,5546,1.0,purchase,1
18244,9090,1.0,purchase,1
18243,9089,1.0,purchase,1
18242,9065,1.0,purchase,2
17554,3698,1000.0,purchase,1
17553,3698,1000.0,purchase,1
18309,9139,1.0,purchase,1
18152,6310,1.0,purchase,3
13343,4076,1.0,purchase,2
17138,8171,1.0,purchase,1
17137,8170,1.0,purchase,1
14761,5718,1.0,purchase,2
17136,8169,1.0,purchase,1
17135,8168,1.0,purchase,1
17134,8167,1.0,purchase,1
13106,5928,1.0,purchase,2
17133,8166,1.0,purchase,1
17132,8165,1.0,purchase,1
17131,8164,24.0,purchase,1
17130,8163,1.0,purchase,1
13489,4329,1.0,purchase,1
13488,4328,1.0,purchase,4
16281,3698,1000.0,purchase,1
16280,3698,1000.0,purchase,1
18105,8971,1.0,purchase,2
15605,4256,1.0,purchase,2
15604,3849,1.0,purchase,1
14412,3849,1.0,purchase,1
14031,4958,1000.0,purchase,1
11691,5579,1.0,purchase,2
11149,5580,1.0,purchase,2
14989,6037,1.0,purchase,1
14988,6036,1.0,purchase,1
14987,6035,1.0,purchase,1
18571,4442,1000.0,purchase,1
18572,3698,1000.0,purchase,1
14628,3698,1000.0,purchase,1
18356,5945,1.0,purchase,1
18356,5159,1.0,purchase,1
15050,6111,1.0,purchase,1
18449,5406,1.0,purchase,1
18239,6190,1.0,purchase,4
15668,3698,1000.0,purchase,1
11377,5608,1.0,purchase,3
13355,4101,1.0,purchase,4
10862,5271,1.0,purchase,2
11755,5949,1.0,purchase,3
13846,4808,1.0,purchase,1
18116,9005,1.0,purchase,1
18117,9006,1.0,purchase,1
18301,3698,1000.0,purchase,1
18302,3698,1000.0,purchase,1
14108,3792,1.0,purchase,1
16944,8034,1.0,purchase,2
17210,8246,1.0,purchase,2
12063,8036,1.0,purchase,2
17209,8245,1.0,purchase,1
17208,8244,1.0,purchase,1
17431,3698,1000.0,purchase,1
14930,5991,1.0,purchase,2
17226,8259,1.0,purchase,1
16272,7419,1.0,purchase,1
16381,7512,1.0,purchase,2
14440,5412,1.0,purchase,10
14440,8459,1.0,purchase,1
18215,3988,1.0,purchase,3
14145,3877,1000.0,purchase,1
14144,5088,1000.0,purchase,1
12911,5245,1.0,purchase,6
14079,5026,1.0,purchase,1
10675,5109,1.0,purchase,2
11565,5794,1.0,purchase,2
16346,7501,1.0,purchase,1
18408,9230,1.0,purchase,1
18409,9258,1.0,purchase,1
18410,9232,1.0,purchase,1
18411,9233,1.0,purchase,1
18412,9234,1.0,purchase,1
18413,9235,1.0,purchase,1
18414,9236,1.0,purchase,1
18415,9237,1.0,purchase,1
18416,9238,1.0,purchase,1
18417,9239,1.0,purchase,1
18418,9240,1.0,purchase,1
18419,9241,1.0,purchase,1
18420,9242,1.0,purchase,1
18421,9243,1.0,purchase,1
18422,9245,1.0,purchase,1
18423,9244,1.0,purchase,1
18407,9213,1.0,purchase,2
18424,9246,1.0,purchase,1
18425,9247,1.0,purchase,1
18426,9248,1.0,purchase,1
18427,9249,1.0,purchase,1
18428,9250,1.0,purchase,1
18429,9254,1.0,purchase,1
18430,9252,1.0,purchase,1
18431,9253,1.0,purchase,1
18432,9251,1.0,purchase,1
18433,9255,1.0,purchase,1
18434,9256,1.0,purchase,1
18435,9257,1.0,purchase,1
18436,9231,1.0,purchase,1
18437,9259,1.0,purchase,1
18395,3990,1.0,purchase,2
14522,5467,1.0,purchase,1
14521,5466,1.0,purchase,1
14520,5465,1.0,purchase,1
16912,7975,1.0,purchase,1
14917,5970,1.0,purchase,2
14916,5969,1.0,purchase,2
15921,7043,1.0,purchase,4
15921,7024,0.5,purchase,1
15104,3695,1000.0,purchase,1
15107,3695,1000.0,purchase,1
15202,5935,1.0,purchase,1
14003,4943,1.0,purchase,3
12901,4944,1.0,purchase,4
15201,5934,1.0,purchase,1
15200,5933,1.0,purchase,2
15199,5932,1.0,purchase,3
15198,5931,1.0,purchase,1
15197,5930,1.0,purchase,1
13112,4022,1.0,purchase,10
12894,4562,1.0,purchase,4
17051,8110,1.0,purchase,1
10324,6281,1.0,purchase,2
17002,7870,1.0,purchase,1
10326,7816,1.0,purchase,1
10325,4732,1.0,purchase,3
17409,8467,1.0,purchase,3
17407,8465,1.090909,purchase,3
17406,8464,1.0,purchase,3
18527,8463,1.0,purchase,1
17404,8462,1.0,purchase,3
15082,6156,1.0,purchase,2
15081,6155,1.0,purchase,1
15080,6154,1.0,purchase,1
13432,4082,1.0,purchase,2
8317,5098,1.0,purchase,2
10937,4222,1.0,purchase,7
10937,5186,1.0,purchase,1
11380,3773,1.0,purchase,8
18661,4916,1.0,purchase,1
17717,8769,1.0,purchase,7
18223,4320,1.0,purchase,3
14387,5342,1.0,purchase,1
13905,4117,1.0,purchase,1
13469,4256,1.0,purchase,1
13468,4255,1.0,purchase,1
16278,7417,1.0,purchase,1
17005,7714,1.0,purchase,2
18491,9201,1.0,purchase,1
14143,4528,1.0,purchase,2
10873,5550,1.0,purchase,3
17659,4829,1.0,purchase,2
17658,4828,1.0,purchase,2
18619,5313,1.0,purchase,1
18620,4834,1.0,purchase,1
11576,5316,1.0,purchase,6
12717,4957,1.0,purchase,2
16145,7297,1.0,purchase,1
17392,8474,1.0,purchase,1
17046,3698,1000.0,purchase,1
17502,8563,1.0,purchase,1
17501,8562,1.0,purchase,1
13182,3695,1000.0,purchase,1
18705,9479,1.0,purchase,1
18706,9478,1.0,purchase,1
11430,5505,1.0,purchase,5
10437,5704,1.0,purchase,7
10437,4737,0.2,purchase,1
10437,7306,1.0,purchase,2
10437,3908,1.0,purchase,1
15000,6046,100.0,purchase,1
14999,6045,1.0,purchase,1
14998,6044,1.0,purchase,1
14997,6043,100.0,purchase,1
14996,6042,100.0,purchase,1
18115,5752,1.0,purchase,1
18458,9286,1.0,purchase,1
18459,9284,0.0002,purchase,1
18460,8961,0.0002,purchase,1
18461,8853,0.0002,purchase,1
18462,9285,1.0,purchase,1
18463,9283,1.0,purchase,1
18464,9287,1.0,purchase,1
18465,9288,1.0,purchase,1
17006,7713,1.0,purchase,1
12936,4559,1.0,purchase,2
12933,4555,1.0,purchase,2
11001,3858,1.0,purchase,5
10535,5980,1.0,purchase,2
11986,6054,1.0,purchase,1
15067,6136,1.0,purchase,2
11653,6135,1.0,purchase,4
15066,6134,1.0,purchase,1
13455,4009,1.0,purchase,1
17757,3695,1000.0,purchase,1
18300,3977,1.0,purchase,1
14526,3964,1000.0,purchase,1
14525,3695,1000.0,purchase,1
13457,3951,1.0,purchase,4
14561,5507,1.0,purchase,1
14560,5506,24.0,purchase,2
12146,4263,1.0,purchase,1
12357,4492,1.0,purchase,2
14021,4978,1.0,purchase,1
14020,4977,1.0,purchase,1
14019,4976,1.0,purchase,1
14018,4975,1.0,purchase,1
13559,4497,1.0,purchase,2
12355,4496,1.0,purchase,2
13556,4494,1.0,purchase,2
13557,4495,1.0,purchase,2
13558,4974,1.0,purchase,1
13561,4973,1.0,purchase,1
13563,4499,1.0,purchase,2
12358,4498,1.0,purchase,2
13560,4491,1.0,purchase,2
13562,4493,1.0,purchase,2
14017,4972,1.0,purchase,1
14016,4971,1.0,purchase,1
11752,4462,1.0,purchase,5
15144,6199,1.0,purchase,1
16715,7804,1.0,purchase,1
16714,7803,1.0,purchase,1
16713,7802,1.0,purchase,1
16712,7801,1.0,purchase,1
16712,7802,1.0,purchase,1
15852,6789,1.0,purchase,1
15851,6788,1.0,purchase,1
17902,3698,1000.0,purchase,1
18182,4375,1.0,purchase,3
15235,3884,1.0,purchase,2
15235,6290,1.0,purchase,1
8700,3885,1.0,purchase,3
17026,3698,1000.0,purchase,1
15123,6195,1.0,purchase,4
17473,8539,1.0,purchase,2
11925,3768,1.0,purchase,2
11925,6014,1.0,purchase,2
13092,3873,1.0,purchase,3
17516,8576,1.0,purchase,1
13753,4659,1.0,purchase,3
17515,8575,1.0,purchase,1
13047,4855,1.0,purchase,1
16640,7687,1.0,purchase,1
16639,7689,1.0,purchase,1
14456,7124,1.0,purchase,1
14456,6123,1.0,purchase,1
14446,7693,1.0,purchase,1
14446,5166,1.0,purchase,1
14209,6123,1.0,purchase,1
14209,5175,1.0,purchase,1
14910,7686,1.0,purchase,1
14910,6120,1.0,purchase,1
16637,5174,1.0,purchase,1
15301,4402,1.0,purchase,1
15301,6357,1.0,purchase,1
16636,7684,1.0,purchase,1
14454,7685,1.0,purchase,1
16635,7682,1.0,purchase,1
15298,6354,1.0,purchase,2
14203,5167,1.0,purchase,2
13046,6358,1.0,purchase,2
13046,3928,1.0,purchase,1
10512,7861,1.0,purchase,1
13088,4028,1.0,purchase,3
16744,3877,1000.0,purchase,1
17254,8270,1.0,purchase,1
11532,8698,1.0,purchase,1
17375,8418,1.0,purchase,2
17365,8408,1.0,purchase,2
13268,3794,1.0,purchase,3
16189,7337,1.0,purchase,4
16994,3695,1000.0,purchase,1
16993,3695,1000.0,purchase,1
15512,6604,1.0,purchase,1
15333,6410,1.0,purchase,1
11390,4241,0.1,purchase,1
14388,9555,1.0,purchase,1
14388,5344,1.0,purchase,1
18686,9556,1.0,purchase,1
11181,6832,1.0,purchase,2
16396,4484,1.0,purchase,1
16395,3792,1.0,purchase,2
18405,9211,1.0,purchase,1
18406,9212,1.0,purchase,1
15075,6144,1.0,purchase,1
15074,6143,1.0,purchase,1
15073,6142,1.0,purchase,1
15072,6141,1.0,purchase,1
16322,3695,1000.0,purchase,1
17522,4318,1.0,purchase,2
11638,9427,1.0,purchase,1
17248,7651,1.0,purchase,2
15192,6239,1.0,purchase,5
13743,4645,1.0,purchase,2
15747,6845,1.0,purchase,1
15746,6844,1.0,purchase,1
15745,6843,1.0,purchase,1
15744,6842,1.0,purchase,1
17180,8218,1.0,purchase,1
17029,7301,1.0,purchase,1
17028,6195,1.0,purchase,1
11226,5911,1.0,purchase,5
13266,3864,1.0,purchase,4
10451,7064,1.0,purchase,6
17187,8228,1.0,purchase,1
10938,7063,1.0,purchase,3
16149,7301,1.0,purchase,1
16148,7300,1.0,purchase,1
16147,7299,1.0,purchase,1
14645,5601,1.0,purchase,1
17245,8273,1.0,purchase,1
17244,8272,1.0,purchase,1
14047,4980,1.0,purchase,1
12474,5266,1.0,purchase,3
15278,6339,1.0,purchase,1
11180,7003,1.0,purchase,2
15692,6793,1.0,purchase,1
13474,4285,1.0,purchase,1
14535,5474,1.0,purchase,2
18367,9210,1.0,purchase,2
13415,4171,1.0,purchase,1
13414,4170,1.0,purchase,1
13410,4166,1.0,purchase,1
13409,4165,1.0,purchase,2
13408,4164,1.0,purchase,1
13406,4162,1.0,purchase,5
16507,3976,1.0,purchase,1
16507,7593,1.0,purchase,1
15860,6969,0.0002,purchase,4
15288,6349,1.0,purchase,4
11931,8687,1.0,purchase,3
17249,8833,1.0,purchase,1
17823,7940,1.0,purchase,1
17824,4304,1.0,purchase,1
17825,8834,1.0,purchase,1
17977,8913,1.0,purchase,2
18446,4106,1000.0,purchase,1
15061,6131,1.0,purchase,1
13017,6130,1.0,purchase,1
12239,5332,1.0,purchase,3
12239,4260,1.0,purchase,1
15311,6390,1.0,purchase,1
15933,7044,1.0,purchase,1
13575,4433,1.0,purchase,1
13574,4432,1.0,purchase,3
13771,4709,1.0,purchase,2
11976,6897,1.0,purchase,1
17055,4442,1000.0,purchase,1
17054,3698,1000.0,purchase,1
13817,4261,1.0,purchase,1
11677,8015,1.0,purchase,1
11677,9147,1.0,purchase,1
11676,9147,1.0,purchase,1
17391,8475,1.0,purchase,5
18313,9148,1.0,purchase,1
18744,4958,1000.0,purchase,1
18745,4958,1000.0,purchase,1
15603,6720,1.0,purchase,1
17651,7519,1.0,purchase,1
17168,6240,1.0,purchase,3
17112,6239,1.0,purchase,7
17959,4106,1000.0,purchase,1
16496,7571,1.0,purchase,1
13247,3756,1.0,purchase,1
14149,5090,1.0,purchase,4
16031,7271,1.0,purchase,1
18721,9352,1.0,purchase,1
18722,9353,1.0,purchase,1
7168,5024,1.0,purchase,1
15881,6997,1.0,purchase,2
15880,6996,1.0,purchase,2
7312,6593,1.0,purchase,1
7312,7256,1.0,purchase,1
14576,3971,1.0,purchase,1
10480,4204,1.0,purchase,6
14967,6022,1.0,purchase,1
14966,6020,1.0,purchase,1
15437,6521,1.0,purchase,1
15437,6516,1.0,purchase,1
16173,7323,1.0,purchase,1
16172,4372,70.0,purchase,1
16171,7322,1.0,purchase,1
15315,6371,1.0,purchase,3
15314,6370,1.0,purchase,2
15690,6792,1.0,purchase,1
17685,8741,1.0,purchase,2
17939,3817,1.0,purchase,2
17940,6791,1.0,purchase,1
14348,3964,1000.0,purchase,1
14347,3695,1000.0,purchase,1
16826,7927,1.0,purchase,1
16825,7926,1.0,purchase,1
16824,7925,1.0,purchase,1
16824,8713,1.0,purchase,1
16188,4958,1000.0,purchase,1
12786,5879,1.0,purchase,2
18689,3698,1000.0,purchase,1
18690,3698,1000.0,purchase,1
13687,4558,1.0,purchase,1
13686,4557,1.0,purchase,1
13685,4556,1.0,purchase,1
11985,4554,1.0,purchase,1
15829,6919,1.0,purchase,1
15828,6918,1.0,purchase,1
14766,5724,1.0,purchase,2
13997,4936,1.0,purchase,2
13998,4937,1.0,purchase,2
15827,6917,1.0,purchase,1
15826,6916,1.0,purchase,1
15825,6915,1.0,purchase,1
15824,6914,1.0,purchase,1
15823,6913,1.0,purchase,1
15822,6912,1.0,purchase,1
15821,5935,1.0,purchase,1
12268,4487,1.0,purchase,5
12268,4486,1.0,purchase,1
12843,7269,1.0,purchase,2
15406,4832,1.0,purchase,1
15405,3844,1.0,purchase,1
15403,4528,1.0,purchase,1
15402,4527,1.0,purchase,1
15103,3695,1000.0,purchase,1
15102,3695,1000.0,purchase,1
16756,7826,1.0,purchase,2
17212,4833,1.0,purchase,2
17663,4834,1.0,purchase,1
17662,5313,1.0,purchase,1
17661,4835,1.0,purchase,1
17660,4832,1.0,purchase,1
17399,4827,1.0,purchase,2
17657,3847,1.0,purchase,1
17656,5388,1.0,purchase,1
17655,3844,1.0,purchase,1
16574,3698,1000.0,purchase,1
10870,5547,1.0,purchase,1
14594,4115,1.0,purchase,1
15477,6564,1.0,purchase,1
15476,6563,1.0,purchase,1
15475,6562,1.0,purchase,1
9017,4924,1.0,purchase,4
11179,6674,1.0,purchase,1
17819,4185,1.0,purchase,1
17819,4259,1.0,purchase,1
17819,5332,1.0,purchase,1
13839,4805,1.0,purchase,4
17926,8631,1.0,purchase,1
17925,8630,0.01,purchase,1
17924,8629,1.0,purchase,1
17923,8628,1.0,purchase,1
17922,8627,1.0,purchase,1
17921,8626,1.0,purchase,1
17920,8625,1.0,purchase,1
17919,8624,0.1,purchase,1
17918,8623,0.1,purchase,1
17917,8622,1.0,purchase,2
17916,8621,1.0,purchase,2
17526,3794,1.0,purchase,1
17526,5053,1.0,purchase,1
14904,5948,1.0,purchase,1
16963,8058,1.0,purchase,1
14958,6006,1.0,purchase,2
16943,8029,1.0,purchase,1
15294,6353,1.0,purchase,4
17057,8117,1.0,purchase,2
16415,3698,1000.0,purchase,1
15673,6746,1.0,purchase,1
16004,7148,1.0,purchase,1
16003,7147,1.0,purchase,1
16002,7146,1.0,purchase,1
16394,3698,1000.0,purchase,1
16393,3698,1000.0,purchase,1
13675,4442,1000.0,purchase,1
13674,3698,1000.0,purchase,1
13324,5273,1.0,purchase,1
13324,3961,0.0002,purchase,1
16743,8047,1.0,purchase,1
12141,4759,1.0,purchase,3
16885,7971,1.0,purchase,1
18669,9512,1.0,purchase,1
17115,8159,1.0,purchase,1
14336,5298,1.0,purchase,4
18225,4223,1.0,purchase,2
18110,4230,5.0,purchase,1
18110,8968,1.0,purchase,3
18241,8969,1.0,purchase,5
17483,8550,1.0,purchase,1
13689,4560,1.0,purchase,1
12045,6749,1.0,purchase,1
17015,3698,1000.0,purchase,1
17014,3698,1000.0,purchase,1
18557,9318,1.0,purchase,1
18556,9317,100.0,purchase,1
16774,7862,1.0,purchase,2
18555,9316,1.0,purchase,1
16277,7431,1.0,purchase,3
15937,4958,1000.0,purchase,1
9412,9610,1.0,purchase,1
16457,7525,1.0,purchase,1
16456,7524,1.0,purchase,1
14634,3973,1.0,purchase,7
18473,9117,1.0,purchase,1
18472,9116,1.0,purchase,1
18085,8964,1.0,purchase,1
18086,8965,1.0,purchase,1
18090,8967,2.0,purchase,1
16488,3698,1000.0,purchase,1
18485,9190,1.0,purchase,2
15792,4832,1.0,purchase,3
16611,4529,1.0,purchase,1
18142,5750,1.0,purchase,1
13358,4106,1000.0,purchase,1
10308,4434,1.0,purchase,3
15389,6416,1.0,purchase,2
12340,6777,1.0,purchase,2
15691,6776,1.0,purchase,1
12271,4795,1.0,purchase,5
14959,6017,1.0,purchase,2
17518,4117,1.0,purchase,1
13443,4176,1.0,purchase,3
15571,5313,1.0,purchase,2
18233,7062,1.0,purchase,3
12881,5861,1.0,purchase,2
14008,4959,1.0,purchase,2
14837,5860,1.0,purchase,1
14853,5859,1.0,purchase,4
15902,7012,1.0,purchase,1
15424,6504,1.0,purchase,2
10440,7305,1.0,purchase,2
10440,5405,1.0,purchase,1
17900,3698,1000.0,purchase,1
14134,5069,1.0,purchase,1
14133,5068,1.0,purchase,1
14132,5067,1.0,purchase,1
14131,5066,1.0,purchase,1
14130,5065,1.0,purchase,1
14129,5064,1.0,purchase,2
14128,5063,1.0,purchase,1
14127,5062,1.0,purchase,4
14126,5061,1.0,purchase,3
14125,5060,1.0,purchase,4
14124,5059,1.0,purchase,4
13752,4658,1.0,purchase,4
13521,4353,1.0,purchase,1
13520,4352,1.0,purchase,1
13519,4351,1.0,purchase,1
13518,4350,1.0,purchase,1
13517,4349,1.0,purchase,1
13576,4430,1.0,purchase,1
10859,5607,1.0,purchase,3
10859,4847,1.0,purchase,1
18219,9085,1.0,purchase,3
13361,4115,1.0,purchase,1
11192,3833,1.0,purchase,1
13157,3832,1.0,purchase,1
11191,3831,1.0,purchase,1
13260,3829,1.0,purchase,1
10832,3828,1.0,purchase,1
8791,3830,1.0,purchase,1
15231,6289,1.0,purchase,1
17498,8559,1.0,purchase,1
17497,8558,1.0,purchase,1
17496,8557,1.0,purchase,1
17494,8555,1.0,purchase,1
17493,8553,100.0,purchase,1
17492,8552,100.0,purchase,1
18167,4425,1.0,purchase,2
16534,3698,1000.0,purchase,1
16999,8048,1.0,purchase,1
12473,7185,1.0,purchase,2
16025,7184,1.0,purchase,1
16024,3792,1.0,purchase,1
16023,7183,1.0,purchase,1
13316,3877,1000.0,purchase,1
18216,3698,1000.0,purchase,1
18314,9145,1.0,purchase,2
11221,6214,1.0,purchase,2
10756,3992,0.033333,purchase,4
15630,6432,1.0,purchase,2
15629,6420,1.0,purchase,2
16030,7273,1.0,purchase,1
14572,5518,1.0,purchase,3
15713,4256,1.0,purchase,1
17351,8013,1.0,purchase,2
17755,6821,1.0,purchase,1
11013,4347,1.0,purchase,3
15304,6368,1.0,purchase,1
7313,5349,1.0,purchase,2
7313,7838,1.0,purchase,1
11525,8405,1.0,purchase,1
11525,5131,1.0,purchase,3
12264,8425,1.0,purchase,1
12264,6000,1.0,purchase,3
18183,9030,1.0,purchase,3
18618,9384,1.0,purchase,1
14642,5599,1.0,purchase,1
14794,5761,1.0,purchase,1
14224,5189,1.0,purchase,1
13607,4483,1.0,purchase,1
13606,4482,1.0,purchase,1
13605,4481,1.0,purchase,1
11665,5611,1.0,purchase,1
11494,5609,1.0,purchase,1
16972,3698,1000.0,purchase,1
14610,5557,1.0,purchase,2
18687,3877,1000.0,purchase,1
11692,4815,1.0,purchase,6
13394,4146,1.0,purchase,2
16019,3698,1000.0,purchase,1
8113,6409,1.0,purchase,1
16622,7638,1.0,purchase,2
13679,4539,1.0,purchase,1
13490,4327,1.0,purchase,1
15619,6730,100.0,purchase,2
15873,6984,1.0,purchase,1
15872,6983,1.0,purchase,1
15871,6982,1.0,purchase,1
15612,6723,1.0,purchase,2
15870,6981,100.0,purchase,1
16757,7847,1.0,purchase,1
16691,7755,1.0,purchase,1
16690,7754,1.0,purchase,1
13114,4020,1.0,purchase,3
16689,7753,1.0,purchase,1
13107,6590,1.0,purchase,2
13107,5725,1.0,purchase,1
14225,5199,1.0,purchase,3
12711,5198,1.0,purchase,4
11509,5197,1.0,purchase,1
10393,5196,1.0,purchase,2
11276,5152,1.0,purchase,2
16973,8071,1.0,purchase,1
12500,4569,1.0,purchase,1
12500,9205,1.0,purchase,1
7304,4917,1.0,purchase,4
18484,9152,1.0,purchase,1
18483,9151,1.0,purchase,1
18482,9150,1.0,purchase,1
18481,9149,1.0,purchase,1
15106,6596,1.0,purchase,1
13892,4861,1.0,purchase,3
16313,7471,1.0,purchase,1
13893,6118,1.0,purchase,2
13893,4862,1.0,purchase,1
16213,4858,1.0,purchase,1
16312,7470,1.0,purchase,1
13885,4854,1.0,purchase,2
16208,7469,1.0,purchase,1
15303,6360,1.0,purchase,2
14455,5173,1.0,purchase,2
16311,7468,1.0,purchase,1
16310,7467,1.0,purchase,1
16309,7466,1.0,purchase,1
16308,7465,1.0,purchase,1
16307,7464,1.0,purchase,1
18746,9611,1.0,purchase,1
18747,9612,0.002,purchase,1
18748,9613,0.01,purchase,1
13774,4718,1.0,purchase,1
13773,4717,1.0,purchase,1
17412,8470,1.0,purchase,1
10947,3996,1.0,purchase,1
10950,3995,1.0,purchase,1
10949,3994,1.0,purchase,1
14060,5002,1.0,purchase,1
14059,5001,1.0,purchase,1
13217,3711,1000.0,purchase,1
13216,3710,1000.0,purchase,1
13215,3709,1000.0,purchase,1
13214,3708,1000.0,purchase,1
13213,3707,1000.0,purchase,1
13212,3706,1000.0,purchase,1
13211,3705,1000.0,purchase,1
13210,3704,1000.0,purchase,1
13209,3703,1000.0,purchase,1
18205,3698,1000.0,purchase,1
18206,4442,1000.0,purchase,1
18145,4442,1000.0,purchase,1
18146,3698,1000.0,purchase,1
17166,8202,1.0,purchase,1
17165,8201,1.0,purchase,1
16053,7141,1.0,purchase,2
18279,9017,1.0,purchase,1
14715,4256,1.0,purchase,1
14142,3846,1.0,purchase,2
13668,4529,1.0,purchase,2
14712,4833,1.0,purchase,1
14711,4834,1.0,purchase,1
14710,4830,1.0,purchase,1
14230,4827,1.0,purchase,4
15180,6216,1.0,purchase,2
16139,7295,1.0,purchase,1
16138,7294,1.0,purchase,1
15836,6924,1.0,purchase,1
16883,7968,1.0,purchase,4
17915,8758,1.0,purchase,1
17914,8757,1.0,purchase,1
17913,8756,1.0,purchase,1
17913,9475,1.0,purchase,1
18298,9129,1.0,purchase,1
18299,9128,1.0,purchase,1
17588,8666,1.0,purchase,1
10525,5019,1.0,purchase,1
18240,5936,1.0,purchase,1
11701,5888,1.0,purchase,1
11701,3897,0.1,purchase,1
11024,7456,1.0,purchase,1
16329,7455,1.0,purchase,2
16328,7454,1.0,purchase,1
16327,7453,1.0,purchase,1
16906,7974,1.0,purchase,1
15753,6841,1.0,purchase,1
15752,6840,1.0,purchase,1
14690,5661,1.0,purchase,2
13707,4595,1.0,purchase,1
13706,4594,1.0,purchase,1
13785,4442,1000.0,purchase,1
13784,3698,1000.0,purchase,1
13470,4251,1.0,purchase,1
14685,5638,1000.0,purchase,1
14684,5637,1000.0,purchase,1
14683,5636,1000.0,purchase,1
14682,5635,1000.0,purchase,1
14681,5634,1000.0,purchase,1
14680,5633,1000.0,purchase,1
14679,5632,1000.0,purchase,1
14678,5631,1000.0,purchase,1
14677,5630,1000.0,purchase,1
14676,5629,1000.0,purchase,1
14675,5628,1000.0,purchase,1
14674,5627,1000.0,purchase,1
14673,5626,1000.0,purchase,1
14672,5625,1000.0,purchase,1
14671,5624,1000.0,purchase,1
14670,5623,1000.0,purchase,1
14669,5622,1000.0,purchase,1
14668,5621,1000.0,purchase,1
14667,5620,1000.0,purchase,1
14666,5619,1000.0,purchase,1
14665,5618,1000.0,purchase,1
14664,5617,1000.0,purchase,1
14663,5616,1000.0,purchase,1
12719,6986,1.0,purchase,1
15869,6985,1.0,purchase,1
13378,3966,1.0,purchase,2
13377,3965,100.0,purchase,1
14791,5747,1.0,purchase,1
13754,4660,1.0,purchase,4
14979,6025,1.0,purchase,1
15845,6963,1.0,purchase,1
15844,6962,1.0,purchase,1
15843,6961,1.0,purchase,1
15842,6960,1.0,purchase,1
15841,6959,1.0,purchase,1
15840,6958,1.0,purchase,1
15839,6957,1.0,purchase,1
15838,6956,1.0,purchase,1
10857,4468,1.0,purchase,6
16686,7763,1.0,purchase,1
17472,8538,1.0,purchase,2
16400,7528,1.0,purchase,1
16399,7527,1.0,purchase,1
16398,7526,1.0,purchase,1
15365,6447,1.0,purchase,2
14494,3698,1000.0,purchase,1
16052,7140,1.0,purchase,1
16566,4117,1.0,purchase,1
18454,4442,1000.0,purchase,1
18455,3698,1000.0,purchase,1
16133,7280,1000.0,purchase,4
18740,4910,1.0,purchase,1
17152,3964,1000.0,purchase,1
17151,3695,1000.0,purchase,1
17796,7583,1.0,purchase,1
17796,5130,1.0,purchase,1
14939,5997,1.0,purchase,3
18674,5133,1.0,purchase,1
18675,3732,1.0,purchase,1
18675,7583,1.0,purchase,1
18676,5130,1.0,purchase,1
18676,5149,1.0,purchase,1
18677,9542,1.0,purchase,1
18678,9543,1.0,purchase,1
13275,3808,1.0,purchase,1
13162,3807,1.0,purchase,1
10855,4463,1.0,purchase,4
10853,5419,1.0,purchase,5
17097,3698,1000.0,purchase,1
17096,3698,1000.0,purchase,1
14496,3698,1000.0,purchase,1
13670,4530,1000.0,purchase,1
14928,4592,1.0,purchase,1
14927,3695,1000.0,purchase,1
14365,5323,1.0,purchase,1
12254,4317,1.0,purchase,2
16437,7555,36.0,purchase,1
14887,3698,1000.0,purchase,1
14850,5892,1.0,purchase,1
11776,4838,1.0,purchase,2
15113,3698,1000.0,purchase,1
15112,3698,1000.0,purchase,1
16975,7418,1.0,purchase,1
14052,4990,1000.0,purchase,1
14051,4989,1000.0,purchase,1
14050,4988,1000.0,purchase,1
15549,6644,1.0,purchase,4
15441,6520,1.0,purchase,3
13493,4291,1.0,purchase,1
13492,4290,1.0,purchase,1
10445,5268,1.0,purchase,1
15480,6567,1.0,purchase,1
16861,7954,1.0,purchase,3
18272,9027,1.0,purchase,1
18271,9026,1.0,purchase,1
18270,9025,1.0,purchase,1
18347,9158,1.0,purchase,1
18348,9156,1.0,purchase,1
18349,9155,1.0,purchase,1
18350,9154,1.0,purchase,1
18351,9157,1.0,purchase,1
18352,9153,1.0,purchase,1
18353,8827,1.0,purchase,1
17899,3695,1000.0,purchase,1
10478,3943,1.0,purchase,4
15440,6519,1.0,purchase,1
15439,6518,1.0,purchase,1
15438,6517,1.0,purchase,1
15436,6514,1.0,purchase,1
16570,7641,1.0,purchase,1
13928,4910,1.0,purchase,2
10646,3973,1.0,purchase,3
10646,3972,1.0,purchase,3
10645,3972,1.0,purchase,3
10569,6117,1.0,purchase,2
13511,4331,1.0,purchase,1
15989,3695,1000.0,purchase,1
12952,3699,1.0,purchase,1
10945,4114,1.0,purchase,1
11712,4113,1.0,purchase,1
10943,4112,1.0,purchase,1
12795,4969,1.0,purchase,3
13264,3838,1.0,purchase,1
9279,3837,1.0,purchase,1
13263,3836,0.001,purchase,1
13262,3835,1.0,purchase,1
13261,3834,1.0,purchase,1
15723,3695,1000.0,purchase,1
17319,8372,1.0,purchase,1
17318,8371,1.0,purchase,1
17317,8370,1.0,purchase,1
14372,5339,1.0,purchase,2
14371,5338,1.0,purchase,1
14370,5337,1.0,purchase,1
14369,5336,1.0,purchase,1
13999,4939,1.0,purchase,2
13244,3771,1.0,purchase,1
13243,3770,1.0,purchase,1
15689,3698,1000.0,purchase,1
17012,3695,1000.0,purchase,1
17011,3695,1000.0,purchase,1
17705,8705,1.0,purchase,1
17704,8704,1.0,purchase,1
17703,8703,1.0,purchase,2
17702,8702,1.0,purchase,1
17701,8701,1.0,purchase,1
17700,8700,1.0,purchase,2
16598,3698,1000.0,purchase,1
13564,4786,1.0,purchase,1
13456,3955,1.0,purchase,1
13858,3849,1.0,purchase,1
13900,4801,1.0,purchase,1
15105,6149,1.0,purchase,3
13659,4484,1.0,purchase,1
13025,4485,1.0,purchase,1
13658,4484,1.0,purchase,1
13657,3792,1.0,purchase,1
17225,8264,1.0,purchase,1
16045,7164,1.0,purchase,2
17224,8263,1.0,purchase,1
16674,7737,1.0,purchase,1
16673,7736,1.0,purchase,1
16672,7735,1.0,purchase,1
16671,7734,1.0,purchase,1
16670,7733,1.0,purchase,1
13094,7732,1.0,purchase,1
13096,7731,1.0,purchase,1
16669,7730,100.0,purchase,1
16668,7729,100.0,purchase,1
16940,8013,1.0,purchase,1
16939,7966,1.0,purchase,1
13016,5745,1.0,purchase,1
13921,4871,1.0,purchase,1
18569,9336,1.0,purchase,1
18570,5526,1.0,purchase,1
18456,9276,1.0,purchase,2
17511,8572,1.0,purchase,1
15006,3698,1000.0,purchase,1
15005,3698,1000.0,purchase,1
13805,4208,1.0,purchase,1
14960,6016,1.0,purchase,1
18471,9298,1.0,purchase,2
17264,3698,1000.0,purchase,1
15837,6952,1.0,purchase,1
17150,8199,1.0,purchase,1
17149,8198,1.0,purchase,1
17148,8197,1.0,purchase,1
17147,8196,1.0,purchase,1
16617,7681,1.0,purchase,1
16616,7680,1.0,purchase,1
18249,9069,1.0,purchase,1
18248,9068,90.0,purchase,1
18247,9067,50.0,purchase,1
18246,9066,1.0,purchase,1
17896,8840,1.0,purchase,2
18245,8075,1.0,purchase,1
15916,7025,1.0,purchase,4
14485,5425,1.0,purchase,2
14484,5424,1.0,purchase,3
14822,5780,1.0,purchase,2
16294,7452,1.0,purchase,3
18181,5500,1.0,purchase,3
18650,9428,1.0,purchase,2
16584,7651,1.0,purchase,1
16583,7650,1.0,purchase,1
13431,4142,100.0,purchase,1
15592,3695,1000.0,purchase,1
16706,7752,1.0,purchase,1
14492,4442,1000.0,purchase,1
14491,3698,1000.0,purchase,1
17216,4528,1.0,purchase,1
17215,3846,1.0,purchase,1
17214,4529,1.0,purchase,1
17213,8230,1.0,purchase,1
17211,4827,1.0,purchase,1
14926,5979,1.0,purchase,1
15138,6212,1.0,purchase,1
15137,6211,1.0,purchase,1
15136,6210,1.0,purchase,1
15135,6209,1.0,purchase,1
15134,6208,1.0,purchase,1
15133,6207,1.0,purchase,1
15132,6206,1.0,purchase,1
15032,6102,1.0,purchase,2
18278,9018,1.0,purchase,1
15185,6241,0.02,purchase,1
15523,6608,1.0,purchase,1
14899,5926,1.0,purchase,1
11493,8212,1.0,purchase,1
11491,6260,1.0,purchase,2
11490,8211,1.0,purchase,1
17171,8210,1.0,purchase,1
16736,5272,1.0,purchase,1
16735,4551,1.0,purchase,1
16734,4551,1.0,purchase,1
17016,8094,1.0,purchase,3
15268,6152,1.0,purchase,1
15267,6151,1.0,purchase,2
15266,6150,1.0,purchase,1
16490,7577,1.0,purchase,1
17050,8108,1.0,purchase,1
15914,4255,1.0,purchase,1
16599,7670,1.0,purchase,1
16745,7844,1.0,purchase,1
18713,3698,1000.0,purchase,1
17179,8208,1.0,purchase,2
17178,8207,0.000826,purchase,1
11515,6013,1.0,purchase,2
16487,7570,1000.0,purchase,1
16486,3698,1000.0,purchase,1
12205,7630,1.0,purchase,1
13778,4726,1.0,purchase,1
12079,4725,1.0,purchase,1
11052,4722,1.0,purchase,2
12508,4721,1.0,purchase,1
15175,6232,1.0,purchase,2
15799,6894,1.0,purchase,1
15798,6893,1.0,purchase,1
15797,6892,1.0,purchase,1
17322,4117,1.0,purchase,1
16235,7391,1.0,purchase,1
12698,7246,1.0,purchase,2
12698,4760,1.0,purchase,1
16164,7313,1.0,purchase,1
14599,5554,1.0,purchase,1
18737,9601,1.0,purchase,1
18738,9602,1.0,purchase,1
17059,4442,1000.0,purchase,1
17058,3698,1000.0,purchase,1
18237,9059,1.0,purchase,1
18238,9060,1.0,purchase,1
16065,7277,1.0,purchase,1
16064,7276,100.0,purchase,1
17098,8151,1.0,purchase,1
12380,4465,1.0,purchase,2
12132,5606,1.0,purchase,2
11941,4469,1.0,purchase,5
10856,3981,1.0,purchase,4
14803,5756,1.0,purchase,2
16028,4115,1.0,purchase,1
11909,3793,1.0,purchase,2
13699,4571,1.0,purchase,1
16854,7945,1.0,purchase,1
14404,5360,1.0,purchase,2
15338,6418,1000.0,purchase,1
15337,6417,1000.0,purchase,1
15218,6248,1.0,purchase,1
16192,7332,1.0,purchase,1
17964,8911,1.0,purchase,1
17963,8910,1.0,purchase,1
17962,8079,1.0,purchase,1
17961,8909,1.0,purchase,1
16443,7552,1.0,purchase,7
15864,3695,1000.0,purchase,1
15863,3695,1000.0,purchase,1
14040,5000,1.0,purchase,1
14039,4999,70.0,purchase,1
14038,4998,1.0,purchase,1
13445,4178,1.0,purchase,1
13444,4177,1.0,purchase,1
13441,4174,1.0,purchase,2
13440,4173,1.0,purchase,1
16828,7923,1.0,purchase,1
16827,7922,1.0,purchase,1
17970,8887,1.0,purchase,1
15386,6473,1.0,purchase,1
15385,6472,1.0,purchase,1
14661,6471,1.0,purchase,1
14661,5614,1.0,purchase,1
15383,6469,1.0,purchase,2
16648,4255,1.0,purchase,1
17863,7570,1000.0,purchase,1
17864,3698,1000.0,purchase,1
13374,4134,1.0,purchase,2
13768,3695,1000.0,purchase,1
13767,3695,1000.0,purchase,1
16228,7368,1.0,purchase,1
15147,3698,1000.0,purchase,1
14802,5760,1.0,purchase,1
14800,5758,1.0,purchase,1
10411,4748,1.0,purchase,2
17976,9260,1.0,purchase,1
17976,8912,1.0,purchase,1
17389,8461,1.0,purchase,1
14602,5537,1.0,purchase,2
16037,7265,1000.0,purchase,1
16036,7264,1.0,purchase,1
16035,7263,1.0,purchase,1
16034,7262,1.0,purchase,1
16033,7261,1.0,purchase,1
16646,7703,1.0,purchase,1
15711,6815,1.0,purchase,1
12076,7762,1.0,purchase,1
16581,6513,1.0,purchase,2
18364,9207,1.0,purchase,2
17642,8694,1.0,purchase,1
17641,8693,1.0,purchase,1
17640,8692,1.0,purchase,1
17639,8078,1.0,purchase,1
17638,8691,1.0,purchase,1
17637,8690,1.0,purchase,1
17540,8587,1.0,purchase,2
17636,8689,1.0,purchase,1
11306,3957,1.0,purchase,1
13426,4189,1.0,purchase,1
11497,6048,1.0,purchase,2
16935,7989,1.0,purchase,1
18716,9585,1.0,purchase,1
18717,9584,1.0,purchase,1
16628,7660,1.0,purchase,1
14852,4408,1.0,purchase,1
14851,5891,1.0,purchase,1
14819,5779,1.0,purchase,1
15996,3698,1000.0,purchase,1
18025,8953,1.0,purchase,1
18026,8954,1.05,purchase,1
17430,8490,1.0,purchase,1
17428,8488,1.0,purchase,2
17427,8487,1.0,purchase,2
17426,8486,1.0,purchase,1
17425,8485,1.0,purchase,1
17424,8484,1.0,purchase,2
17423,8483,1.0,purchase,1
17421,8481,1.0,purchase,1
17420,8480,1.0,purchase,1
17419,8479,1.0,purchase,1
17418,8478,1.0,purchase,1
17416,8476,1.0,purchase,1
14972,3698,1000.0,purchase,1
14780,5737,1.0,purchase,1
12015,7746,1.0,purchase,1
17013,8095,1.0,purchase,3
15279,8584,1.0,purchase,3
15279,6334,1.0,purchase,1
17388,3698,1000.0,purchase,1
17759,8821,100.0,purchase,1
17758,8820,100.0,purchase,1
16634,7675,1.0,purchase,1
16026,7176,1.0,purchase,1
17307,8351,1.0,purchase,1
17306,8350,1.0,purchase,1
17305,8349,1.0,purchase,2
17304,8348,1.0,purchase,1
17303,8347,1.0,purchase,1
17302,8346,1.0,purchase,1
17302,4590,1.0,purchase,1
17301,8345,1.0,purchase,1
18573,3698,1000.0,purchase,1
18574,3698,1000.0,purchase,1
11546,6698,1.0,purchase,1
11546,4740,1.0,purchase,2
15572,6697,1.0,purchase,1
16162,3695,1000.0,purchase,1
13669,4256,1.0,purchase,1
13667,4528,1.0,purchase,1
12755,4527,1.0,purchase,1
13665,4525,1.0,purchase,2
13664,4524,1.0,purchase,1
13663,4523,1.0,purchase,1
14173,5125,1.0,purchase,1
14172,5124,1.0,purchase,1
18685,9503,1000.0,purchase,1
12477,8659,1.0,purchase,1
17560,8658,1.0,purchase,1
17559,8657,1.0,purchase,1
13189,7169,1.0,purchase,1
13183,7168,1.0,purchase,1
12094,4466,1.0,purchase,3
14873,5909,1.0,purchase,1
14872,5908,1.0,purchase,1
17808,3695,1000.0,purchase,1
17809,3695,1000.0,purchase,1
13245,3739,1.0,purchase,1
17292,3698,1000.0,purchase,1
13308,3941,1.0,purchase,1
13307,3940,1.0,purchase,2
13307,5787,1.0,purchase,1
13306,3939,1.0,purchase,1
13305,3938,1.0,purchase,1
13304,3937,1.0,purchase,1
13303,3936,1.0,purchase,1
13302,3935,1.0,purchase,1
13301,3934,1.0,purchase,1
13044,3933,1.0,purchase,1
13044,4866,1.0,purchase,1
13044,5787,1.0,purchase,1
13300,3932,1.0,purchase,1
13299,3931,1.0,purchase,1
13298,3930,1.0,purchase,1
13297,3929,1.0,purchase,1
13296,3927,1.0,purchase,1
13295,3926,1.0,purchase,1
13294,3925,1.0,purchase,2
15700,3698,1000.0,purchase,1
15699,3698,1000.0,purchase,1
15724,3695,1000.0,purchase,1
17403,8456,1.0,purchase,1
17890,8867,1.0,purchase,1
17889,8866,1.0,purchase,1
17888,8865,1.0,purchase,1
16058,7135,1.0,purchase,2
17887,8864,1.0,purchase,2
17886,8863,1.0,purchase,1
17885,8862,1.0,purchase,1
17884,7915,1.0,purchase,2
15023,3698,1000.0,purchase,1
16265,7388,1.0,purchase,1
16704,4442,1000.0,purchase,1
16703,3698,1000.0,purchase,1
16948,8041,1.0,purchase,2
16947,8040,1.0,purchase,1
16946,8039,1.0,purchase,1
16945,8038,1.0,purchase,1
11589,8037,1.0,purchase,1
12062,8035,1.0,purchase,1
15944,7109,1.0,purchase,1
18558,3695,1000.0,purchase,1
18559,3964,1000.0,purchase,1
16254,7412,1.0,purchase,1
16253,7411,1.0,purchase,1
16627,7659,1.0,purchase,1
15945,7071,1.0,purchase,1
16685,7760,1.0,purchase,1
15936,7062,1.0,purchase,2
16159,7310,1.0,purchase,1
16158,7309,1.0,purchase,1
16157,7308,1.0,purchase,1
16181,7314,1.0,purchase,2
17261,8295,1.0,purchase,1
17116,8175,1.0,purchase,1
18217,9076,1.0,purchase,1
18218,9077,1.0,purchase,1
16766,7853,1.0,purchase,1
16169,7328,1.0,purchase,1
16168,7327,1.0,purchase,1
16167,7326,1.0,purchase,1
17957,3698,1000.0,purchase,1
14014,4965,1.0,purchase,1
14013,4964,1.0,purchase,1
14012,4963,1.0,purchase,3
14011,4962,1.0,purchase,2
14010,4961,1.0,purchase,1
14009,4960,1.0,purchase,1
12923,4883,1.0,purchase,2
14046,4995,1.0,purchase,1
14045,4994,1.0,purchase,1
14044,4993,1.0,purchase,1
14043,4992,1.0,purchase,1
15912,7022,1.0,purchase,1
16647,7611,1.0,purchase,1
15550,6645,1.0,purchase,3
16711,3698,1000.0,purchase,1
16710,3698,1000.0,purchase,1
17154,3698,1000.0,purchase,1
15411,6479,1.0,purchase,2
17633,8682,999.998366,purchase,1
13448,7432,1.0,purchase,1
13448,4210,1.0,purchase,1
18726,9591,1.0,purchase,1
14191,3731,1.0,purchase,1
14191,5151,1.0,purchase,2
18727,5134,1.0,purchase,1
18728,9592,1.0,purchase,1
18729,9594,1.0,purchase,1
18730,9593,1.0,purchase,1
18189,9596,1.0,purchase,1
18189,9036,1.0,purchase,1
18731,8637,1.0,purchase,1
18732,9595,1.0,purchase,1
18733,8849,1.0,purchase,1
18734,9034,1.0,purchase,1
18735,9597,1.0,purchase,1
17346,3698,1000.0,purchase,1
16679,7745,1.0,purchase,1
16678,7744,1.0,purchase,1
15131,6192,1.0,purchase,1
18156,4115,1.0,purchase,1
18157,5388,1.0,purchase,1
18158,3847,1.0,purchase,1
10314,5687,1.0,purchase,1
11842,5686,1.0,purchase,1
11841,5685,1.0,purchase,1
13020,5496,1.0,purchase,3
15762,3877,1000.0,purchase,1
18208,3863,1.0,purchase,1
13271,3841,10000.0,purchase,2
11944,4516,1.0,purchase,3
14120,5085,1.0,purchase,1
14119,5084,1.0,purchase,1
14118,5083,1.0,purchase,1
14117,5082,1.0,purchase,1
14116,5081,1.0,purchase,1
14115,5080,1.0,purchase,1
14114,5079,100.0,purchase,1
14113,5077,1.0,purchase,1
18221,9086,1.0,purchase,2
13878,4851,1.0,purchase,1
17789,8351,1.0,purchase,1
17789,8350,1.0,purchase,1
17790,8350,1.0,purchase,1
17791,4590,1.0,purchase,1
17793,8349,1.0,purchase,1
17793,8350,1.0,purchase,2
17793,8347,1.0,purchase,1
17794,8347,1.0,purchase,1
17795,8348,1.0,purchase,2
15413,6478,1.0,purchase,1
15191,6244,1.0,purchase,1
15453,6538,1.0,purchase,1
15452,6537,1.0,purchase,1
11625,5297,1.0,purchase,3
11626,5296,1.0,purchase,3
18148,6136,1.0,purchase,1
18149,5302,1.0,purchase,2
18150,3822,1.0,purchase,1
18638,5351,1.0,purchase,2
15908,7011,1.0,purchase,1
15907,7010,1.0,purchase,1
15906,7009,1.0,purchase,1
15905,7008,1.0,purchase,1
15904,7007,1.0,purchase,1
13322,3964,1000.0,purchase,1
13321,3695,1000.0,purchase,1
15188,6245,1.0,purchase,1
13510,4346,1000.0,purchase,1
13509,4345,1000.0,purchase,1
13508,4344,1000.0,purchase,1
13507,4343,1000.0,purchase,1
13506,4342,1000.0,purchase,1
13505,4341,1000.0,purchase,1
13504,4340,1000.0,purchase,1
13503,4339,1000.0,purchase,1
13501,4337,1000.0,purchase,1
13500,4336,1000.0,purchase,1
13499,4335,1000.0,purchase,1
13498,4334,1000.0,purchase,1
13497,4333,1000.0,purchase,1
13496,4332,1000.0,purchase,1
13783,4338,1000.0,purchase,1
13927,4907,1.0,purchase,2
13926,4906,1.0,purchase,1
13924,4904,1.0,purchase,1
17172,3698,1000.0,purchase,1
17039,3695,1000.0,purchase,1
17038,3695,1000.0,purchase,1
15400,3698,1000.0,purchase,1
15556,6668,1.0,purchase,1
16996,3698,1000.0,purchase,1
18210,9083,1.0,purchase,1
17767,4264,1.0,purchase,1
17767,4172,1.0,purchase,1
14495,3695,1000.0,purchase,1
13597,4480,1.0,purchase,2
15716,6816,1.0,purchase,1
14296,5236,1.0,purchase,1
14295,5235,1.0,purchase,1
15884,6994,1.0,purchase,2
14729,5680,1.0,purchase,1
13480,4295,1.0,purchase,1
13479,4294,1.0,purchase,1
13478,4293,1.0,purchase,1
13477,4292,1.0,purchase,1
17053,4712,1.0,purchase,1
15761,3877,1000.0,purchase,1
17521,8591,5.0,purchase,1
17525,8574,1.0,purchase,2
17524,8573,1.0,purchase,2
17019,8089,1.0,purchase,1
17018,8088,1.0,purchase,1
17387,8460,1.0,purchase,1
15313,6389,1.25,purchase,1
17350,4954,1.0,purchase,1
15565,3698,1000.0,purchase,1
17855,3698,1000.0,purchase,1
13334,4012,1000.0,purchase,1
18679,6968,1.0,purchase,1
18680,9548,1.0,purchase,1
14871,5903,1.0,purchase,1
18399,3698,1000.0,purchase,1
14736,5690,1.0,purchase,1
17153,9058,1.0,purchase,1
17153,8203,1.0,purchase,1
17653,8720,1.0,purchase,1
16585,7657,1.0,purchase,1
18684,9503,1000.0,purchase,1
15460,6529,1.0,purchase,1
15459,6528,1.0,purchase,1
16564,3695,1000.0,purchase,1
16563,3695,1000.0,purchase,1
15068,4988,1000.0,purchase,1
13475,4255,1.0,purchase,1
16860,3698,1000.0,purchase,1
16270,4442,1000.0,purchase,1
16269,3698,1000.0,purchase,1
18476,9121,1.0,purchase,1
18475,9120,1.0,purchase,1
18474,9119,1.0,purchase,1
16407,9118,1.0,purchase,1
16407,8355,1.0,purchase,1
16407,7537,1.0,purchase,1
16991,3972,1.0,purchase,2
16991,3973,1.0,purchase,3
18670,4988,1000.0,purchase,1
13583,4450,1.0,purchase,1
13582,4449,1.0,purchase,1
13581,4448,1.0,purchase,1
13580,4447,20.0,purchase,1
14325,5287,1.0,purchase,1
10719,5286,1.0,purchase,1
10611,5284,1.0,purchase,1
18668,9503,1000.0,purchase,1
12259,4979,1.0,purchase,1
18554,8859,1.0,purchase,1
14929,5978,1.0,purchase,2
16626,7652,1.0,purchase,1
14940,5998,1.0,purchase,4
15466,6556,10000.0,purchase,1
15465,6554,344.827586,purchase,1
15464,6555,29.0,purchase,1
13310,3948,1.0,purchase,1
15469,6544,1.0,purchase,1
13523,4377,1.0,purchase,2
15478,6570,1.0,purchase,1
17164,3698,1000.0,purchase,1
18280,9011,1.0,purchase,1
17733,8810,1.0,purchase,1
17732,8809,1.0,purchase,1
17731,8808,1.0,purchase,1
17730,8807,1.0,purchase,1
17729,8806,1.0,purchase,1
17728,8805,1.0,purchase,1
17727,8804,1.0,purchase,1
17726,8803,1.0,purchase,1
16579,7655,1.0,purchase,1
16578,7654,1.0,purchase,1
16577,7653,1.0,purchase,1
13368,4087,1.0,purchase,1
13367,4086,1.0,purchase,1
13366,4085,1.0,purchase,1
13251,3778,1.0,purchase,2
13365,4084,1.0,purchase,1
13364,4083,1.0,purchase,1
15538,6634,1.0,purchase,2
15379,6466,1.0,purchase,1
15378,6466,1.0,purchase,1
15377,6465,1.0,purchase,1
15376,6464,1.0,purchase,1
17129,8178,1.0,purchase,1
13894,4865,1.0,purchase,2
13127,4864,1.0,purchase,1
13128,4863,1.0,purchase,2
13891,4860,1.0,purchase,1
13890,4859,1.0,purchase,1
13889,4858,1.0,purchase,1
13888,4857,1.0,purchase,1
13887,4856,1.0,purchase,1
13886,4855,1.0,purchase,1
13125,4405,1.0,purchase,6
17751,3695,1000.0,purchase,1
16165,3695,1000.0,purchase,1
14330,4442,1000.0,purchase,1
14329,3698,1000.0,purchase,1
15083,6153,1.0,purchase,1
18283,4955,1.0,purchase,1
18284,8013,1.0,purchase,1
18285,5584,0.004,purchase,1
14978,5272,1.0,purchase,1
14977,4551,1.0,purchase,1
14976,4551,1.0,purchase,1
13452,4228,1.0,purchase,1
11227,6202,1.0,purchase,1
15796,3877,1000.0,purchase,1
16345,3695,1000.0,purchase,1
16292,7379,10000.0,purchase,1
16048,7167,1.0,purchase,1
16046,7165,1.0,purchase,1
16044,7163,1.0,purchase,1
14924,5964,1.0,purchase,2
15418,6487,1.0,purchase,1
17062,3698,1000.0,purchase,1
17061,3698,1000.0,purchase,1
14423,5374,1.0,purchase,1
14168,4834,1.0,purchase,3
17221,5272,1.0,purchase,1
14901,5947,1.0,purchase,1
14900,5946,1.0,purchase,1
10114,6780,1.0,purchase,1
14877,5915,1.0,purchase,1
14876,5914,1.0,purchase,1
16402,7523,1.0,purchase,1
16401,7522,1.0,purchase,1
14335,5303,1.0,purchase,1
15350,6429,1.0,purchase,2
15349,6428,1.0,purchase,2
15348,6427,1.0,purchase,1
15347,6426,1.0,purchase,1
15346,6425,1.0,purchase,1
15345,6424,1.0,purchase,1
15344,6423,1.0,purchase,1
15343,6422,1.0,purchase,1
15342,6421,100.0,purchase,1
13734,4624,1000.0,purchase,1
13733,4623,1000.0,purchase,1
13732,4622,1000.0,purchase,1
13731,4621,1000.0,purchase,1
13730,4620,1000.0,purchase,1
13729,4619,1000.0,purchase,1
13728,4618,1000.0,purchase,1
13727,4617,1000.0,purchase,1
13726,4616,1000.0,purchase,1
13725,4615,1000.0,purchase,1
13724,4614,1000.0,purchase,1
13723,4613,1000.0,purchase,1
13722,4612,1000.0,purchase,1
13721,4611,1000.0,purchase,1
13720,4610,1000.0,purchase,1
13719,4609,1000.0,purchase,1
13718,4608,1000.0,purchase,1
13717,4607,1000.0,purchase,1
13716,4606,1000.0,purchase,1
13715,4605,1000.0,purchase,1
18715,3698,1000.0,purchase,1
10489,6838,1.0,purchase,4
15915,7023,1.0,purchase,1
14178,5133,1.0,purchase,3
13751,4657,1.0,purchase,3
18447,4221,1.0,purchase,1
14147,5092,1.0,purchase,1
15552,6665,1.0,purchase,1
17414,8473,1.0,purchase,1
16296,8472,10000.0,purchase,1
16417,3698,1000.0,purchase,1
15078,6139,1.0,purchase,1
15077,6138,1.0,purchase,1
15076,6059,1.0,purchase,1
13596,4479,1.0,purchase,1
13595,4478,1.0,purchase,1
13594,4477,1.0,purchase,1
13593,4476,1.0,purchase,1
13592,4475,1.0,purchase,1
16776,7864,1.0,purchase,1
16775,7863,1.0,purchase,1
14313,3849,1.0,purchase,1
14137,4256,1.0,purchase,2
17401,4829,1.0,purchase,1
17400,4828,1.0,purchase,1
17398,4115,1.0,purchase,1
17397,4523,1.0,purchase,1
17396,4524,1.0,purchase,1
17395,4525,1.0,purchase,1
17394,3844,1.0,purchase,1
14755,5668,1.0,purchase,1
15125,3698,1000.0,purchase,1
15124,4442,1000.0,purchase,1
16227,7380,1.0,purchase,1
17860,8860,1.0,purchase,1
18008,5420,1.0,purchase,1
13476,4298,1.0,purchase,1
15622,6732,1.0,purchase,2
15621,6731,1.0,purchase,1
15620,6400,1.0,purchase,1
15617,6728,1.0,purchase,1
15616,6727,1.0,purchase,1
15615,6726,1.0,purchase,1
15614,6725,1.0,purchase,1
15613,6724,1.0,purchase,1
15610,6721,1.0,purchase,1
14391,5347,1.0,purchase,2
16161,3698,1000.0,purchase,1
16160,3698,1000.0,purchase,1
15688,6790,1.0,purchase,1
14469,5417,1.0,purchase,1
14468,5416,1.0,purchase,1
14467,5415,1.0,purchase,1
17162,7903,1.0,purchase,2
17582,8654,1.0,purchase,1
17581,8653,1.0,purchase,1
17580,8652,1.0,purchase,1
12265,8651,1.0,purchase,1
17579,8650,1.0,purchase,1
17578,8649,1.0,purchase,1
17577,8648,1.0,purchase,1
14175,5128,1.0,purchase,2
17574,8645,1.0,purchase,1
17573,8644,1.0,purchase,1
17572,8643,1.0,purchase,1
17571,8642,1.0,purchase,1
17570,8641,1.0,purchase,1
17569,8640,1.0,purchase,1
17568,8639,1.0,purchase,1
17567,8638,1.0,purchase,1
17566,8637,1.0,purchase,1
17565,8636,1.0,purchase,1
17564,8635,1.0,purchase,1
17563,8633,1.0,purchase,1
17562,8632,1.0,purchase,1
17561,8634,1.0,purchase,1
14213,5164,1000.0,purchase,1
14212,3877,1000.0,purchase,1
14111,5073,1.0,purchase,3
13741,4651,1.0,purchase,1
17903,3698,1000.0,purchase,1
11200,6679,1.0,purchase,1
10651,6678,1.0,purchase,2
16252,4566,1.0,purchase,1
14179,5134,1.0,purchase,2
14190,5150,1.0,purchase,4
11527,6839,1.0,purchase,2
15738,6837,1.0,purchase,1
12338,6836,1.0,purchase,2
15737,6484,1.0,purchase,1
15409,6482,1.0,purchase,2
15071,6147,1.0,purchase,1
15070,6146,1.0,purchase,1
15069,6145,1.0,purchase,1
16049,7155,1.0,purchase,1
16143,7298,10000.0,purchase,1
16016,7160,1.0,purchase,1
16388,6273,1000.0,purchase,1
17897,8841,1.0,purchase,1
15042,6106,1.0,purchase,1
18654,3698,1000.0,purchase,1
18655,3698,1000.0,purchase,1
14563,5509,1.0,purchase,1
11848,7175,1.0,purchase,1
18562,9324,1.0,purchase,1
10453,4503,1.0,purchase,1
11751,3790,1.0,purchase,1
14169,4833,1.0,purchase,2
14341,4830,1.0,purchase,1
14229,4828,1.0,purchase,2
16836,7938,1.0,purchase,1
14405,5361,1.0,purchase,1
18653,5440,1000.0,purchase,1
18652,9429,1000.0,purchase,1
18651,3698,1000.0,purchase,1
16632,7664,1.0,purchase,1
16631,7663,1.0,purchase,1
16630,7662,1.0,purchase,1
16629,7661,1.0,purchase,1
14308,5254,1.0,purchase,1
14307,5253,1.0,purchase,1
14306,5252,1.0,purchase,1
14305,5251,1.0,purchase,1
14304,5250,1.0,purchase,1
14303,5249,1.0,purchase,1
16539,7629,1.0,purchase,1
11353,6205,24.0,purchase,1
15143,6204,1.0,purchase,1
17479,7801,1.0,purchase,1
17479,7802,1.0,purchase,1
15060,6125,1.0,purchase,1
14447,6129,1.0,purchase,1
13541,4402,1.0,purchase,4
15059,6128,1.0,purchase,1
15058,6126,1.0,purchase,1
15057,6125,1.0,purchase,1
15056,6124,1.0,purchase,1
15055,6122,1.0,purchase,1
15054,6119,1.0,purchase,1
13124,5787,1.0,purchase,1
13124,5168,1.0,purchase,1
15053,5787,1.0,purchase,1
15146,4958,1000.0,purchase,1
13980,4931,1.0,purchase,1
17432,3698,1000.0,purchase,1
15704,5272,1.0,purchase,1
14497,3698,1000.0,purchase,1
13250,3777,1.0,purchase,2
13249,3776,100.0,purchase,1
12370,5192,1.0,purchase,1
14288,5243,1.0,purchase,1
14287,5241,100.0,purchase,1
14834,3698,1000.0,purchase,1
13802,3695,1000.0,purchase,1
17352,7593,1.0,purchase,1
18724,3698,1000.0,purchase,1
18725,3698,1000.0,purchase,1
13737,5116,1.0,purchase,1
13737,4631,1.0,purchase,1
14790,4117,1.0,purchase,1
14425,4442,1000.0,purchase,1
14424,3698,1000.0,purchase,1
16750,3698,1000.0,purchase,1
16191,7342,1.0,purchase,1
12818,7341,1.0,purchase,1
16190,7340,1.0,purchase,1
12805,7336,1.0,purchase,1
16853,3698,1000.0,purchase,1
13705,4601,1.0,purchase,2
15794,6895,1.0,purchase,1
13418,4155,1.0,purchase,1
13417,4154,1.0,purchase,1
14197,3877,1000.0,purchase,1
17542,8589,1.0,purchase,1
17541,8588,1.0,purchase,1
10706,5749,1.0,purchase,1
10705,5748,1.0,purchase,1
13777,4727,1.0,purchase,1
17393,3698,1000.0,purchase,1
16506,3698,1000.0,purchase,1
11945,4889,1.0,purchase,1
15702,3695,1000.0,purchase,1
15701,3695,1000.0,purchase,1
15513,6606,1.0,purchase,1
18358,9194,1.0,purchase,2
17499,4117,1.0,purchase,1
13274,3853,1.0,purchase,1
13273,3852,1.0,purchase,1
13187,3850,1.0,purchase,1
15120,6187,1.0,purchase,2
15051,6113,1.0,purchase,3
14995,6053,1.0,purchase,2
14612,5559,1.0,purchase,1
14611,5558,1.0,purchase,1
17981,3695,1000.0,purchase,1
18438,9261,1.0,purchase,1
16182,7331,1.0,purchase,1
14427,5379,1.0,purchase,2
14426,5378,1.0,purchase,2
13233,3727,1000.0,purchase,1
13232,3726,1000.0,purchase,1
13231,3725,1000.0,purchase,1
13230,3724,1000.0,purchase,1
13229,3723,1000.0,purchase,1
13228,3722,1000.0,purchase,1
13227,3721,1000.0,purchase,1
13226,3720,1000.0,purchase,1
13225,3719,1000.0,purchase,1
13224,3718,1000.0,purchase,1
13223,3717,1000.0,purchase,1
13222,3716,1000.0,purchase,1
13221,3715,1000.0,purchase,1
13220,3714,1000.0,purchase,1
13219,3713,1000.0,purchase,1
17625,8688,1.0,purchase,1
17624,8686,1.0,purchase,1
12144,8685,1.0,purchase,1
14198,4988,1000.0,purchase,1
14925,5965,1.0,purchase,1
14923,5963,1.0,purchase,1
15410,6483,1.0,purchase,1
15408,6484,1.0,purchase,1
15408,6481,1.0,purchase,1
14074,4949,1.0,purchase,1
15427,6512,1.0,purchase,1
12215,6510,1.0,purchase,1
12214,6509,1.0,purchase,1
12330,6508,1.0,purchase,1
16084,6507,1.0,purchase,1
16084,7232,1.0,purchase,1
13673,3698,1000.0,purchase,1
15115,6188,1.0,purchase,3
13803,3698,1000.0,purchase,1
13255,3802,1.0,purchase,1
7500,5888,1.0,purchase,1
18625,9393,1.0,purchase,1
17109,3698,1000.0,purchase,1
17746,4910,1.0,purchase,3
14298,5247,1.0,purchase,1
14297,5246,1.0,purchase,1
14728,5684,1.0,purchase,3
14726,5682,1.0,purchase,3
14725,5681,1.0,purchase,3
14836,5854,1.0,purchase,1
16759,7834,1.0,purchase,1
16607,7677,1.0,purchase,3
16609,7679,1.0,purchase,3
18125,3800,1.0,purchase,4
18126,3801,1.0,purchase,2
18127,5266,1.0,purchase,1
18128,5267,1.0,purchase,1
18129,9015,1.0,purchase,1
16233,4256,1.0,purchase,1
16232,4256,1.0,purchase,1
16231,4255,1.0,purchase,1
16230,4255,1.0,purchase,1
17321,4958,1000.0,purchase,1
11735,5317,1.0,purchase,1
16039,7187,100.0,purchase,1
16038,7186,1.0,purchase,1
15672,6757,1.0,purchase,1
12760,4205,1000.0,purchase,1
14548,3695,1000.0,purchase,1
14488,5439,1000.0,purchase,1
14487,5438,1000.0,purchase,1
14461,3698,1000.0,purchase,1
15020,6058,1.0,purchase,1
15019,6057,1.0,purchase,1
14141,4527,1.0,purchase,1
15901,7013,1.0,purchase,1
17001,7878,1.0,purchase,1
14524,5444,1.0,purchase,2
14477,5435,1.0,purchase,2
15272,6328,1.0,purchase,1
18312,9143,1.0,purchase,1
11461,9271,0.0002,purchase,1
11461,3962,0.0002,purchase,1
15033,6103,1.0,purchase,1
14817,5773,1000.0,purchase,1
14816,5772,1000.0,purchase,1
14815,5771,1000.0,purchase,1
14814,5770,1000.0,purchase,1
14813,5769,1000.0,purchase,1
14812,5768,1000.0,purchase,1
14811,5767,1000.0,purchase,1
15327,6385,1.0,purchase,1
15326,6384,1.0,purchase,1
15325,6383,1.0,purchase,1
13145,6382,1.0,purchase,1
15324,6381,1.0,purchase,1
15323,6380,80.0,purchase,1
15322,6379,60.0,purchase,1
15321,6378,1.0,purchase,1
15320,6377,1.0,purchase,1
12887,6376,100.0,purchase,1
15319,6375,100.0,purchase,1
15318,6374,1.0,purchase,1
15317,6373,1.0,purchase,1
15316,6372,1.0,purchase,1
13141,6369,4.0,purchase,1
16961,8055,1.0,purchase,1
16960,8054,1.0,purchase,1
16959,8053,1.0,purchase,1
16958,8052,1.0,purchase,1
16957,8051,1.0,purchase,1
16956,8050,1.0,purchase,1
16955,8049,1.0,purchase,1
16541,7631,36.0,purchase,1
18282,5362,1.0,purchase,2
16971,3695,1000.0,purchase,1
16833,3698,1000.0,purchase,1
16832,3698,1000.0,purchase,1
14601,3698,1000.0,purchase,1
18511,9275,1.0,purchase,1
18510,7818,1.0,purchase,1
18499,9228,1.0,purchase,2
18509,9274,1.0,purchase,1
14475,3698,1000.0,purchase,1
14474,3698,1000.0,purchase,1
17822,6474,1.0,purchase,5
18178,9028,1.0,purchase,1
14473,3877,1000.0,purchase,1
14472,3877,1000.0,purchase,1
15532,6628,1000.0,purchase,1
15531,6627,1000.0,purchase,1
15530,6626,1000.0,purchase,1
15529,6625,1000.0,purchase,1
15528,6624,1000.0,purchase,1
15527,6623,1000.0,purchase,1
15526,6622,1000.0,purchase,1
15525,6621,1000.0,purchase,1
12225,6828,36.0,purchase,1
17040,3695,1000.0,purchase,1
18450,3695,1000.0,purchase,1
18451,3695,1000.0,purchase,1
15506,3695,1000.0,purchase,1
17030,3698,1000.0,purchase,1
16938,8014,1.0,purchase,1
13672,3698,1000.0,purchase,1
13671,3698,1000.0,purchase,1
13287,3877,1000.0,purchase,1
14935,4255,1.0,purchase,1
14588,3698,1000.0,purchase,1
16605,3698,1000.0,purchase,1
15866,6979,1.0,purchase,1
10676,3947,1.0,purchase,2
14340,3698,1000.0,purchase,1
14767,5726,1.0,purchase,2
14765,5723,1.0,purchase,2
14764,5722,1.0,purchase,1
14762,5719,1.0,purchase,1
14760,5717,1.0,purchase,1
13399,4016,1.0,purchase,2
10596,7642,1.0,purchase,1
13460,3954,1.0,purchase,1
13459,3953,1.0,purchase,1
17747,7393,1.0,purchase,1
16262,7377,1.0,purchase,1
16261,7376,1.0,purchase,1
16261,8958,1.0,purchase,1
16260,7375,1.0,purchase,1
14895,4831,1.0,purchase,1
14894,4832,1.0,purchase,1
14893,4828,1.0,purchase,1
14892,4835,1.0,purchase,1
16642,7702,1.0,purchase,2
18037,4577,1.0,purchase,1
18037,8959,1.0,purchase,1
15686,3698,1000.0,purchase,1
15685,3698,1000.0,purchase,1
10788,4153,1.0,purchase,1
15210,6259,1.0,purchase,1
15209,6258,1.0,purchase,1
15208,6257,1.0,purchase,1
17584,8661,1.0,purchase,1
15415,4255,1.0,purchase,1
17647,3698,1000.0,purchase,1
16275,7612,1.0,purchase,2
14883,5923,1.0,purchase,1
17983,8926,1.0,purchase,1
17985,8928,1.0,purchase,1
17986,8929,1.0,purchase,1
16658,7741,1.0,purchase,1
13345,4070,1.0,purchase,2
13495,3698,1000.0,purchase,1
16060,7137,1.0,purchase,1
16059,7136,1.0,purchase,1
16057,7134,1.0,purchase,1
16056,7133,1.0,purchase,2
16055,7132,1.0,purchase,2
14470,3698,1000.0,purchase,1
17103,8160,1.0,purchase,1
13383,4089,1.0,purchase,1
18109,9009,1.0,purchase,1
18108,9007,1.0,purchase,1
16839,7941,1.0,purchase,1
10524,7940,1.0,purchase,1
10524,4376,1.0,purchase,1
16695,7759,1.0,purchase,1
16693,7757,1.0,purchase,1
16692,7756,574.0,purchase,1
14030,3695,1000.0,purchase,1
14029,3695,1000.0,purchase,1
18564,9325,1.0,purchase,1
13579,4429,1.0,purchase,1
13578,4428,1.0,purchase,1
13577,4427,1.0,purchase,1
18153,9023,1.0,purchase,1
16063,3698,1000.0,purchase,1
16062,3698,1000.0,purchase,1
14534,5489,1.0,purchase,1
14533,5488,1.0,purchase,2
14532,5487,1.0,purchase,1
14367,5340,1.0,purchase,1
16732,7823,1.0,purchase,1
10321,5331,1.0,purchase,1
13648,4508,1.0,purchase,2
12409,4031,1.0,purchase,2
18253,9061,1.0,purchase,1
17938,8680,0.02,purchase,1
17937,8679,0.02,purchase,1
17936,8678,0.02,purchase,1
17935,8677,0.02,purchase,1
17934,8676,0.02,purchase,1
17933,8672,0.02,purchase,1
17932,8674,0.02,purchase,1
17931,8673,0.02,purchase,1
17930,8671,0.02,purchase,1
17929,8669,0.02,purchase,1
17928,8670,0.02,purchase,1
17927,8675,0.02,purchase,1
13776,4720,100.0,purchase,1
16684,7751,1.0,purchase,1
10628,3998,1.0,purchase,1
13884,3698,1000.0,purchase,1
12742,6306,1.0,purchase,2
13907,3698,1000.0,purchase,1
11500,6700,1.0,purchase,1
16568,5088,1000.0,purchase,1
16567,3877,1000.0,purchase,1
14414,3698,1000.0,purchase,1
14148,5089,1.0,purchase,2
17523,3698,1000.0,purchase,1
15046,3698,1000.0,purchase,1
14936,3792,1.0,purchase,1
16137,7284,1.0,purchase,1
16136,5980,1.0,purchase,1
16135,7283,1.0,purchase,1
14793,3877,1000.0,purchase,1
14445,5411,1.0,purchase,1
17247,8275,1.0,purchase,1
17246,8274,1.0,purchase,1
17882,8814,1.0,purchase,1
17883,8815,0.02,purchase,1
15025,4996,1000.0,purchase,1
15024,4988,1000.0,purchase,1
17908,4426,1.0,purchase,1
17909,8755,1.0,purchase,2
17910,8894,1.0,purchase,1
18103,8962,10000.0,purchase,1
18209,9074,1.0,purchase,1
11566,4288,1.0,purchase,1
13177,6148,1.0,purchase,1
16140,7275,1.0,purchase,1
17009,7717,1.0,purchase,1
17008,7716,1.0,purchase,1
17007,7715,1.0,purchase,1
17144,3698,1000.0,purchase,1
18741,4958,1000.0,purchase,1
18234,9104,1.0,purchase,1
18235,9103,1.0,purchase,1
18236,9102,1.0,purchase,1
17648,3695,1000.0,purchase,1
16298,7474,1.0,purchase,1
16297,7473,1.0,purchase,1
16748,5888,1.0,purchase,2
7672,7837,1.0,purchase,1
7672,5350,1.0,purchase,1
7672,7206,1.0,purchase,1
17243,3698,1000.0,purchase,1
18039,4442,1000.0,purchase,1
18040,3698,1000.0,purchase,1
13235,3730,1000.0,purchase,1
13234,3728,1000.0,purchase,1
13824,3729,1000.0,purchase,1
18001,8896,1.0,purchase,1
18002,8897,1.0,purchase,1
18003,8898,1.0,purchase,1
18004,8899,1.0,purchase,1
18005,8899,1.0,purchase,1
18006,8900,1.0,purchase,1
18007,8900,1.0,purchase,1
18122,4705,1.0,purchase,1
18123,5538,1.0,purchase,1
14005,4946,1.0,purchase,1
14004,4945,1.0,purchase,2
14002,4942,1.0,purchase,2
14001,4941,1.0,purchase,1
13118,4938,1.0,purchase,1
13996,4935,1.0,purchase,1
13995,4934,1.0,purchase,1
14649,5605,1.0,purchase,1
14647,5603,1.0,purchase,1
14646,5602,1.0,purchase,1
15994,7139,1.0,purchase,1
16214,7360,1.0,purchase,2
10516,5309,1.0,purchase,1
14344,5308,1.0,purchase,1
14319,5267,1.0,purchase,1
15258,4988,1000.0,purchase,1
14486,3698,1000.0,purchase,1
14286,5234,1000.0,purchase,1
14285,5233,1000.0,purchase,1
14284,5232,1000.0,purchase,1
14283,5231,1000.0,purchase,1
14282,5230,1000.0,purchase,1
14281,5229,1000.0,purchase,1
14280,5228,1000.0,purchase,1
14279,5227,1000.0,purchase,1
14278,5226,1000.0,purchase,1
14277,5225,1000.0,purchase,1
14276,5224,1000.0,purchase,1
14275,5223,1000.0,purchase,1
14274,5222,1000.0,purchase,1
14273,5221,1000.0,purchase,1
14272,5220,1000.0,purchase,1
14271,5219,1000.0,purchase,1
14270,5218,1000.0,purchase,1
14269,5217,1000.0,purchase,1
14268,5216,1000.0,purchase,1
11183,6666,1.0,purchase,1
16187,7325,1.0,purchase,1
16869,7962,1.0,purchase,1
13736,4629,1.0,purchase,1
16952,8033,1.0,purchase,1
16951,8032,1.0,purchase,1
16950,8031,1.0,purchase,1
16949,8030,1.0,purchase,1
15926,7042,1.0,purchase,1
15925,7041,1.0,purchase,1
14036,4920,1.0,purchase,1
13405,4919,1.0,purchase,1
10854,4464,1.0,purchase,4
16445,3877,1000.0,purchase,1
17175,8214,1.0,purchase,1
15444,4442,1000.0,purchase,1
15443,6527,1000.0,purchase,1
18526,9307,1.0,purchase,1
18525,9306,1.0,purchase,1
18524,9305,1.0,purchase,1
18523,9304,1.0,purchase,1
18522,9303,1.0,purchase,1
18521,9302,1.0,purchase,1
18520,9301,1.0,purchase,1
18519,9300,1.0,purchase,1
15992,3695,1000.0,purchase,1
16557,5546,1.0,purchase,1
13331,4002,1000.0,purchase,1
13330,4001,1000.0,purchase,1
13329,3999,1000.0,purchase,1
13677,4000,1000.0,purchase,1
14167,5119,1000.0,purchase,1
17737,8768,1.0,purchase,1
17736,8767,1.0,purchase,1
16156,7307,1.0,purchase,1
16285,4117,1.0,purchase,1
16728,4989,1000.0,purchase,1
16727,4988,1000.0,purchase,1
17326,3698,1000.0,purchase,1
17480,7801,1.0,purchase,1
17478,7803,1.0,purchase,1
17901,3698,1000.0,purchase,1
18617,9364,1.0,purchase,1
12813,6908,1.0,purchase,1
15814,6907,1.0,purchase,1
17405,8463,1.0,purchase,2
14028,4958,1000.0,purchase,1
14027,4958,1000.0,purchase,1
14267,5214,1.0,purchase,3
12364,6116,1.0,purchase,1
13379,3997,1.0,purchase,1
18710,9586,1.0,purchase,1
18711,9587,1.0,purchase,1
18712,9588,1.0,purchase,1
7229,3765,1.0,purchase,2
12681,5294,1.0,purchase,1
16652,6620,1.0,purchase,1
15787,6887,1.0,purchase,1
15786,4525,1.0,purchase,1
14964,6010,1.0,purchase,2
16978,8045,1.0,purchase,1
16977,8044,100.0,purchase,1
18448,9270,1.0,purchase,1
16300,7476,1.0,purchase,1
16299,7475,1.0,purchase,1
15515,3877,1000.0,purchase,1
15519,3698,1000.0,purchase,1
16608,7678,1.0,purchase,1
14721,5664,1.0,purchase,1
14720,5663,1.0,purchase,1
11537,5442,1.0,purchase,1
11539,5430,1.0,purchase,2
11538,5441,1.0,purchase,1
15328,6396,1.0,purchase,2
18693,4988,1000.0,purchase,1
17951,3698,1000.0,purchase,1
14660,5613,1.0,purchase,1
14659,5612,1.0,purchase,1
18275,9022,1.0,purchase,1
18274,9021,1.0,purchase,1
18273,9020,1.0,purchase,1
14136,5005,1.0,purchase,1
14135,5004,1.0,purchase,1
15885,6998,1.0,purchase,1
17552,8617,1.0,purchase,1
14931,5992,1.0,purchase,1
16382,7513,1.0,purchase,1
18307,4918,1.0,purchase,1
15649,6738,1.0,purchase,1
14969,3695,1000.0,purchase,1
14968,3964,1000.0,purchase,1
14782,5744,1.0,purchase,1
14781,5743,1.0,purchase,1
13683,4546,1.0,purchase,1
13682,4545,1.0,purchase,1
13681,4544,1.0,purchase,1
13680,4543,1.0,purchase,1
14293,5208,1.0,purchase,1
17045,8103,1.0,purchase,1
17044,8102,1.0,purchase,1
14206,3924,1.0,purchase,2
13540,5787,1.0,purchase,1
13540,3933,1.0,purchase,1
13540,5168,1.0,purchase,1
13538,5787,1.0,purchase,1
13538,3933,1.0,purchase,1
13539,5168,1.0,purchase,2
13539,3933,1.0,purchase,1
13042,5786,1.0,purchase,1
13042,3933,1.0,purchase,1
13042,5787,1.0,purchase,1
14825,5785,1.0,purchase,1
14824,5784,1.0,purchase,1
14823,5170,1.0,purchase,1
15467,6797,1.0,purchase,1
16755,7852,1.0,purchase,1
16754,7851,1.0,purchase,1
16753,7850,1.0,purchase,1
16623,7639,1.0,purchase,1
18202,6273,1000.0,purchase,1
14550,5497,1.0,purchase,1
16892,7964,1.0,purchase,1
16256,7387,1.0,purchase,1
10594,4044,1.0,purchase,1
16146,7189,1.0,purchase,1
11615,7188,1.0,purchase,1
18286,9105,1.0,purchase,1
14718,3695,1000.0,purchase,1
13545,4407,1.0,purchase,1
13544,4406,1.0,purchase,1
13543,4404,1.0,purchase,1
13542,4403,1.0,purchase,1
13537,4400,1.0,purchase,1
15909,3695,1000.0,purchase,1
13403,4026,1.0,purchase,1
13402,4025,1.0,purchase,1
13401,4024,1.0,purchase,1
13400,4023,1.0,purchase,2
13108,4021,1.0,purchase,1
15084,3698,1000.0,purchase,1
12827,5546,1.0,purchase,1
15117,3698,1000.0,purchase,1
15449,6553,1.0,purchase,1
15448,6552,1.0,purchase,2
15447,6551,1.0,purchase,1
15446,6550,1.0,purchase,1
15445,6549,1.0,purchase,1
15947,7067,1.0,purchase,2
15946,7066,1.0,purchase,1
14657,5583,1.0,purchase,1
13267,3792,1.0,purchase,1
12686,3797,1.0,purchase,2
10371,3798,1.0,purchase,1
11034,3799,1.0,purchase,1
16733,7825,1.0,purchase,1
13572,4441,1.0,purchase,1
13570,4439,1.0,purchase,1
13569,4438,1.0,purchase,2
14963,6009,1.0,purchase,1
14962,6008,1.0,purchase,1
17956,3698,1000.0,purchase,1
13651,4511,1.0,purchase,1
13008,4509,1.0,purchase,1
12410,4507,1.0,purchase,1
14466,5164,1000.0,purchase,1
14465,3877,1000.0,purchase,1
14360,5159,1.0,purchase,1
14607,5553,1.0,purchase,1
15898,7019,1.0,purchase,1
15897,7018,1.0,purchase,1
15897,7017,1.0,purchase,1
15896,7016,1.0,purchase,1
15895,7015,1.0,purchase,1
15877,3695,1000.0,purchase,1
17950,3698,1000.0,purchase,1
17299,8357,1.0,purchase,1
17298,8354,1.0,purchase,1
17297,8353,1.0,purchase,1
17296,8352,1.0,purchase,1
17262,3698,1000.0,purchase,1
16559,3695,1000.0,purchase,1
14888,4117,1.0,purchase,1
11869,6193,1.0,purchase,2
17500,8560,1.0,purchase,1
7387,9319,1.0,purchase,1
15846,6925,1.0,purchase,1
14490,3698,1000.0,purchase,1
16866,7959,1.0,purchase,1
16865,7958,1.0,purchase,1
16864,7957,1.0,purchase,1
16863,7956,1.0,purchase,1
16862,7955,1.0,purchase,1
15219,6267,1.0,purchase,1
17654,8715,1.0,purchase,1
15155,4117,1.0,purchase,1
14499,5440,1000.0,purchase,1
14498,3698,1000.0,purchase,1
17167,3698,1000.0,purchase,1
18537,9113,1.0,purchase,1
18536,9112,1.0,purchase,1
14479,5437,1.0,purchase,1
14478,5436,1.0,purchase,1
13446,4207,1.0,purchase,1
17442,8506,1.0,purchase,1
13429,4203,1.0,purchase,1
13428,4202,1.0,purchase,1
14689,5660,1.0,purchase,1
14688,4117,1.0,purchase,1
14188,5148,1.0,purchase,1
14186,5146,1.0,purchase,2
11526,5145,1.0,purchase,2
10487,5144,1.0,purchase,2
14185,5143,1.0,purchase,2
10485,5139,1.0,purchase,1
12262,5138,1.0,purchase,2
14180,5135,1.0,purchase,1
14177,5132,1.0,purchase,2
13206,3695,1000.0,purchase,1
15879,6992,1.0,purchase,1
15878,6991,1.0,purchase,1
15656,6990,1.0,purchase,1
16840,3698,1000.0,purchase,1
14103,5051,1000.0,purchase,1
14102,5050,1000.0,purchase,1
14101,5049,1000.0,purchase,1
14100,5048,1000.0,purchase,1
14099,5047,1000.0,purchase,1
14098,5046,1000.0,purchase,1
14097,5045,1000.0,purchase,1
14096,5044,1000.0,purchase,1
14095,5043,1000.0,purchase,1
14094,5042,1000.0,purchase,1
14093,5041,1000.0,purchase,1
14092,5040,1000.0,purchase,1
14091,5039,1000.0,purchase,1
14090,5038,1000.0,purchase,1
14089,5037,1000.0,purchase,1
14088,5036,1000.0,purchase,1
14087,5035,1000.0,purchase,1
14086,5034,1000.0,purchase,1
14085,5033,1000.0,purchase,1
14638,5032,1000.0,purchase,1
15590,6703,1.0,purchase,1
15381,6468,1.0,purchase,1
14422,5377,1.0,purchase,1
17527,3695,1000.0,purchase,1
14810,5762,1.0,purchase,1
11711,4079,1.0,purchase,1
13821,4758,1.0,purchase,1
17176,8213,10000.0,purchase,1
18163,4634,1.0,purchase,2
14716,5665,1.0,purchase,1
16891,7972,1.0,purchase,1
14575,3970,1.0,purchase,1
14574,3969,0.5,purchase,1
14573,3968,0.2,purchase,1
16193,7343,100.0,purchase,1
12319,3899,1.0,purchase,1
13430,4192,1.0,purchase,1
15858,6826,1.0,purchase,1
15857,6825,1.0,purchase,1
15856,6824,1.0,purchase,1
17184,8219,1.0,purchase,1
17183,7825,1.0,purchase,1
17699,8712,1.0,purchase,1
17698,8711,100.0,purchase,1
17697,8710,1.0,purchase,1
17696,8709,100.0,purchase,1
17695,8708,1.0,purchase,1
17694,8707,1.0,purchase,1
17693,8706,1.0,purchase,1
16786,7876,1.0,purchase,1
16785,7875,1.0,purchase,1
13462,4198,0.1,purchase,1
13461,4196,0.1,purchase,1
10690,9547,1.0,purchase,1
10690,8829,1.0,purchase,1
17158,8206,1.0,purchase,1
15282,6331,1.0,purchase,1
15281,6330,1.0,purchase,1
15280,6329,1.0,purchase,1
8721,9292,1.0,purchase,1
11662,7972,1.0,purchase,1
15371,6453,1.0,purchase,1
15370,6452,100.0,purchase,1
15369,6451,1.0,purchase,1
15368,6450,1.0,purchase,1
15367,6449,1.0,purchase,1
15366,6448,1.0,purchase,1
15364,6446,1.0,purchase,1
15363,6445,1.0,purchase,1
15362,6444,1.0,purchase,1
11365,4185,1.0,purchase,1
17280,8344,1.0,purchase,1
17278,8342,1.0,purchase,1
17277,8341,1.0,purchase,1
17276,8340,1.0,purchase,1
17275,8339,1.0,purchase,1
17274,8338,1.0,purchase,1
17273,8337,1.0,purchase,1
17271,8335,1.0,purchase,1
15128,6194,1.0,purchase,1
15741,6849,1.0,purchase,1
14007,3695,1000.0,purchase,1
14006,3695,1000.0,purchase,1
16992,3973,1.0,purchase,1
11212,4488,1.0,purchase,1
14757,3698,1000.0,purchase,1
14756,3698,1000.0,purchase,1
14374,5334,1.0,purchase,1
14373,5333,1.0,purchase,1
15918,7039,1.0,purchase,1
17235,3698,1000.0,purchase,1
17095,8150,1.0,purchase,1
18688,9554,1.0,purchase,1
17810,8837,1.0,purchase,2
18707,9565,1.0,purchase,1
11086,4749,1.0,purchase,2
14395,5341,1.0,purchase,1
16255,7410,1000.011,purchase,1
15203,6250,1.0,purchase,1
14350,5322,1.0,purchase,2
12736,4075,1.0,purchase,1
13526,3698,1000.0,purchase,1
15942,3695,1000.0,purchase,1
11690,5587,1.0,purchase,1
17710,8754,1.0,purchase,1
17709,8753,1.0,purchase,1
13246,3712,1.0,purchase,1
15631,6411,1.0,purchase,2
17529,8609,1.0,purchase,2
15562,6527,1000.0,purchase,1
15022,6073,1.0,purchase,1
15021,6072,1.0,purchase,1
14723,5567,1.0,purchase,1
14882,3877,1000.0,purchase,1
10681,4583,1.0,purchase,1
10680,4582,1.0,purchase,1
15179,6215,1.0,purchase,1
15848,6955,1.0,purchase,1
12339,6954,1.0,purchase,1
15847,6953,1.0,purchase,1
17505,8561,1.0,purchase,1
16387,7514,1000.0,purchase,1
16386,6273,1000.0,purchase,1
16667,7727,1.0,purchase,1
16666,7726,1.0,purchase,1
16665,7725,1.0,purchase,1
16664,7724,1.0,purchase,1
16663,7723,1.0,purchase,1
16662,7722,1.0,purchase,1
16661,7721,100.0,purchase,1
16660,7720,100.0,purchase,1
16659,7719,100.0,purchase,1
13972,4915,1.0,purchase,1
15831,6857,1.0,purchase,1
17763,8813,1.0,purchase,1
17829,8839,1.0,purchase,1
18694,9553,1.0,purchase,1
13779,3698,1000.0,purchase,1
16855,3698,1000.0,purchase,1
14549,3695,1000.0,purchase,1
14970,6023,1.0,purchase,1
10207,4393,1.0,purchase,1
12258,4884,1.0,purchase,1
14302,5248,1.0,purchase,1
16397,7521,1.0,purchase,1
15129,6198,1.0,purchase,1
16784,7874,1.0,purchase,1
16783,7873,1.0,purchase,1
15654,7872,1.0,purchase,1
16782,7871,1.0,purchase,1
17766,7570,1000.0,purchase,1
17765,3698,1000.0,purchase,1
16890,3977,1.0,purchase,1
16889,3975,1.0,purchase,1
16888,4359,1.0,purchase,1
16887,3974,1.0,purchase,1
18119,9014,1.0,purchase,1
18118,9013,1.0,purchase,1
18143,3735,1.0,purchase,1
16482,7558,1.0,purchase,1
16480,7556,1.0,purchase,1
16829,7921,10000.0,purchase,1
17712,4326,1.0,purchase,2
18490,9200,1.0,purchase,1
18489,9199,1.0,purchase,1
18488,9198,1.0,purchase,1
18487,9197,1.0,purchase,1
14868,5895,1.0,purchase,1
13328,3983,1.0,purchase,2
11868,3980,1.0,purchase,2
16998,8072,1.0,purchase,1
13252,3774,1.0,purchase,1
14735,5673,1.0,purchase,1
14734,5672,1.0,purchase,1
14733,5671,1.0,purchase,1
14732,5670,1.0,purchase,1
14731,5669,1.0,purchase,1
15419,6488,1.0,purchase,1
13144,4853,1.0,purchase,1
13895,4852,10.0,purchase,1
14990,6039,1.0,purchase,2
15329,6397,1.0,purchase,1
13512,4348,1.0,purchase,1
11195,8593,1.0,purchase,1
17995,8919,1.0,purchase,1
17996,8920,1.0,purchase,1
18708,9567,1.0,purchase,1
18709,9568,1.0,purchase,1
18714,3698,1000.0,purchase,1
13807,3698,1000.0,purchase,1
14480,5431,1.0,purchase,1
14907,5954,1.0,purchase,1
14906,5953,1.0,purchase,1
14905,5952,1.0,purchase,1
14724,5679,1.0,purchase,1
18500,9229,1.0,purchase,1
18498,9227,1.0,purchase,1
10786,6675,1.0,purchase,1
17411,8469,1.0,purchase,1
17410,8468,1.0,purchase,1
17408,8466,1.0,purchase,1
15173,6081,1.0,purchase,1
15169,6077,1.0,purchase,2
15168,6076,1.0,purchase,1
15167,6075,1.0,purchase,1
14211,5181,1.0,purchase,1
13238,3745,1.0,purchase,1
13237,3741,10.0,purchase,1
15119,6186,1.0,purchase,1
15118,6185,1.0,purchase,1
13439,4008,1.0,purchase,1
13438,4007,1.0,purchase,1
13437,4006,1.0,purchase,1
13436,4005,1.0,purchase,1
13435,4004,1.0,purchase,1
13434,4003,1.0,purchase,1
14049,4996,1000.0,purchase,1
14048,4988,1000.0,purchase,1
15334,3698,1000.0,purchase,1
17113,4106,1000.0,purchase,1
18457,4117,1.0,purchase,1
18621,6897,1.0,purchase,1
7809,9396,1.0,purchase,1
7460,9397,1.0,purchase,1
18566,5925,1.0,purchase,1
18567,9327,1.0,purchase,1
18568,6511,1.0,purchase,1
14351,5312,1.0,purchase,1
15667,3698,1000.0,purchase,1
18222,6388,1.0,purchase,2
15291,6346,1.0,purchase,1
15289,6344,1.0,purchase,1
14879,5912,1.0,purchase,1
14604,5540,1.0,purchase,1
18742,4756,2.0,purchase,1
15717,3695,1000.0,purchase,1
12229,4306,1.0,purchase,1
13485,4303,1.0,purchase,1
14318,5278,1.0,purchase,1
10759,5277,1.0,purchase,1
10759,8100,1.0,purchase,1
16985,8023,1.0,purchase,1
16982,8020,1.0,purchase,1
16981,8019,1.0,purchase,1
16980,8018,1.0,purchase,1
16979,8017,1.0,purchase,1
17017,8097,1.0,purchase,1
14460,4117,1.0,purchase,1
16042,7177,1.0,purchase,1
17858,3698,1000.0,purchase,1
18478,9133,1.0,purchase,1
13156,6770,1.0,purchase,1
16509,3698,1000.0,purchase,1
16508,3698,1000.0,purchase,1
14058,4929,1.0,purchase,1
13903,4886,1.0,purchase,1
13902,4885,1.0,purchase,1
14772,5715,1.0,purchase,1
14771,5714,1.0,purchase,1
14770,5713,1.0,purchase,1
14769,5712,1.0,purchase,1
15563,6681,1.0,purchase,1
15537,6633,1000.0,purchase,1
15536,6632,1000.0,purchase,1
15535,6631,1000.0,purchase,1
15534,6630,1000.0,purchase,1
15533,6629,1000.0,purchase,1
15224,6273,1000.0,purchase,1
14216,4989,1000.0,purchase,1
14215,4988,1000.0,purchase,1
15932,7031,1.0,purchase,1
15890,7000,1.0,purchase,1
16970,3698,1000.0,purchase,1
13039,5173,1.0,purchase,1
14208,3932,1.0,purchase,1
14207,5171,1.0,purchase,1
14205,5170,1.0,purchase,1
14204,5169,1.0,purchase,1
15624,6736,1.0,purchase,1
15623,6735,1.0,purchase,1
16962,3698,1000.0,purchase,1
17434,6911,1.0,purchase,1
15299,6355,1.0,purchase,1
18317,3698,1000.0,purchase,1
14748,3964,1000.0,purchase,1
14747,3695,1000.0,purchase,1
13702,4149,1.0,purchase,1
16705,3695,1000.0,purchase,1
15652,3698,1000.0,purchase,1
15380,6467,1.0,purchase,1
18516,9282,1.0,purchase,1
18515,9281,1.0,purchase,1
15955,9280,1.0,purchase,1
18514,7287,1.0,purchase,1
18513,9279,1.0,purchase,1
18512,9278,1.0,purchase,1
13188,7285,1.0,purchase,1
13191,9277,1.0,purchase,1
10613,7361,1.0,purchase,1
14566,5512,1000.0,purchase,1
14565,4012,1000.0,purchase,1
17111,4442,1000.0,purchase,1
17110,3698,1000.0,purchase,1
17509,8493,0.083333,purchase,1
17507,8491,0.083333,purchase,1
14922,5962,1.0,purchase,1
14921,5961,1.0,purchase,1
14920,5960,1.0,purchase,1
14919,5959,1.0,purchase,1
14918,5958,1.0,purchase,1
15636,6684,1.0,purchase,1
15635,6683,1.0,purchase,1
14779,5736,1.0,purchase,1
14778,5735,1.0,purchase,1
13742,4553,1.0,purchase,1
15637,6734,1.0,purchase,1
17820,4442,1000.0,purchase,1
17821,3698,1000.0,purchase,1
13337,4041,1.0,purchase,1
11980,4040,1.0,purchase,1
11980,7859,1.0,purchase,1
10318,4036,1.0,purchase,1
17724,3695,1000.0,purchase,1
14386,4552,1.0,purchase,1
14385,4551,1.0,purchase,1
14384,4551,1.0,purchase,1
16166,3698,1000.0,purchase,1
16752,3698,1000.0,purchase,1
17101,3698,1000.0,purchase,1
18224,4222,1.0,purchase,1
18226,9087,1.0,purchase,1
18228,9088,1.0,purchase,1
15710,6806,1.0,purchase,1
15709,6805,1.0,purchase,1
13494,3698,1000.0,purchase,1
13050,7386,1.0,purchase,1
16259,7385,1.0,purchase,1
16258,7384,1.0,purchase,1
16257,7383,1.0,purchase,1
15548,6643,1.0,purchase,1
15547,6642,1.0,purchase,1
15461,6547,1.0,purchase,1
18083,9010,1000.0,purchase,1
18084,9010,1000.0,purchase,1
13381,4011,100.0,purchase,1
13380,4010,1.0,purchase,1
14621,5566,1.0,purchase,1
18736,4187,1.0,purchase,1
17347,8394,1.0,purchase,1
18207,3992,30.0,purchase,1
13676,3698,1000.0,purchase,1
16787,7877,1.0,purchase,1
16130,7212,1.0,purchase,1
16129,7211,1.0,purchase,1
7243,7205,1.0,purchase,1
16112,7191,1.0,purchase,1
11913,5431,1.0,purchase,1
14626,5574,1.0,purchase,1
14625,5573,1.0,purchase,1
14624,5572,1.0,purchase,1
15675,6779,1.0,purchase,1
15674,4115,1.0,purchase,1
17652,3698,1000.0,purchase,1
10492,6074,1.0,purchase,1
13335,3695,1000.0,purchase,1
17355,3698,1000.0,purchase,1
15504,6591,1.0,purchase,1
15503,6589,1.0,purchase,1
15501,6587,1.0,purchase,1
15500,6586,1.0,purchase,1
15496,6582,1.0,purchase,1
15495,6581,1.0,purchase,1
13111,6580,1.0,purchase,1
10752,6095,1.0,purchase,1
15018,6094,1.0,purchase,1
15017,6093,1.0,purchase,1
15016,6092,1.0,purchase,1
16411,7542,1.0,purchase,1
16410,7541,1.0,purchase,1
16409,7540,1.0,purchase,1
16408,7539,1.0,purchase,1
16406,7536,1.0,purchase,1
16405,7535,1.0,purchase,1
16404,7534,1.0,purchase,1
16452,3698,1000.0,purchase,1
17413,8471,1.0,purchase,1
15720,6812,1.0,purchase,1
15719,6811,1.0,purchase,1
15064,3964,1000.0,purchase,1
15063,3695,1000.0,purchase,1
18401,4106,1000.0,purchase,1
17975,3698,1000.0,purchase,1
15850,6967,1.0,purchase,1
16109,7260,1.0,purchase,1
16108,7257,1.0,purchase,1
16105,7254,1.0,purchase,1
16101,7250,1.0,purchase,1
16098,7247,1.0,purchase,1
16097,7245,1.0,purchase,1
16091,7239,1.0,purchase,1
16090,7238,1.0,purchase,1
16088,7236,1.0,purchase,1
16085,7233,1.0,purchase,1
16083,7231,1.0,purchase,1
16079,7227,1.0,purchase,1
9250,7225,1.0,purchase,1
16075,7222,1.0,purchase,1
16074,7221,1.0,purchase,1
16071,7218,1.0,purchase,1
16069,7216,1.0,purchase,1
17383,8431,1.0,purchase,1
17382,8429,1.0,purchase,1
17381,8427,1.0,purchase,1
17380,8426,1.0,purchase,1
17379,8424,1.0,purchase,1
17378,8422,1.0,purchase,1
17377,8420,1.0,purchase,1
17376,8419,1.0,purchase,1
17373,8416,1.0,purchase,1
17372,8415,1.0,purchase,1
17371,8414,1.0,purchase,1
17370,8413,1.0,purchase,1
17369,8412,1.0,purchase,1
17368,8411,1.0,purchase,1
17366,8409,1.0,purchase,1
17364,8406,1.0,purchase,1
17363,8404,1.0,purchase,1
17362,8403,1.0,purchase,1
17361,8402,1.0,purchase,1
17360,8401,1.0,purchase,1
17359,8400,1.0,purchase,1
17358,8399,1.0,purchase,1
17357,8398,1.0,purchase,1
17356,8397,1.0,purchase,1
15407,5197,1.0,purchase,1
16497,7569,1000.0,purchase,1
11543,4600,1.0,purchase,1
11542,4599,1.0,purchase,1
11541,4598,1.0,purchase,1
14078,5029,1.0,purchase,1
16293,7450,1.0,purchase,1
13344,4065,1.0,purchase,1
18639,4105,1.0,purchase,1
15566,3698,1000.0,purchase,1
15733,3695,1000.0,purchase,1
14041,4997,1000.0,purchase,1
18682,4442,1000.0,purchase,1
18683,3698,1000.0,purchase,1
18184,8644,1.0,purchase,1
18186,7654,1.0,purchase,1
18187,8639,1.0,purchase,1
18188,8636,1.0,purchase,1
18190,8843,1.0,purchase,1
18191,9034,1.0,purchase,1
18192,8632,1.0,purchase,1
18193,9033,1.0,purchase,1
18194,8640,1.0,purchase,1
18195,9031,1.0,purchase,1
18289,9093,1.0,purchase,1
18290,9094,1.0,purchase,1
18291,9098,1.0,purchase,1
18292,9096,1.0,purchase,1
18293,9097,1.0,purchase,1
18294,9095,1.0,purchase,1
18295,9099,1.0,purchase,1
18296,9100,1.0,purchase,1
18297,9101,1.0,purchase,1
18287,7968,1.0,purchase,1
13644,4489,1.0,purchase,1
16571,7644,1.0,purchase,1
14912,4592,1.0,purchase,1
15671,6768,1.0,purchase,1
15670,6767,1.0,purchase,1
15669,6766,1.0,purchase,1
10720,5201,1.0,purchase,1
11498,5200,1.0,purchase,1
14946,6011,1.0,purchase,1
18041,3695,1000.0,purchase,1
17645,8697,1.0,purchase,1
17644,8696,1.0,purchase,1
17643,8695,1.0,purchase,1
15158,4990,1000.0,purchase,1
15157,4989,1000.0,purchase,1
15156,4988,1000.0,purchase,1
7035,7461,1.0,name,0
7093,7195,1.0,name,0
7146,7866,1.0,name,0
7328,7859,1.0,name,0
8615,4309,1.0,name,0
10306,6522,1.0,name,0
10329,5290,1.0,name,0
10362,4318,1.0,name,0
10364,4049,1.0,name,0
10431,4793,1.0,name,0
10469,7706,1.0,name,0
10493,5213,1.0,name,0
10502,4311,1.0,name,0
10513,4458,1.0,name,0
10514,8895,1.0,name,0
10521,4413,1.0,name,0
10553,8719,1.0,name,0
10556,3915,1.0,name,0
10597,5710,1.0,name,0
10631,4541,1.0,name,0
10693,4365,1.0,name,0
10694,4035,1.0,name,0
10702,4308,1.0,name,0
10710,4227,1.0,name,0
10717,4504,1.0,name,0
10725,4305,1.0,name,0
10726,5950,1.0,name,0
10728,4219,1.0,name,0
10735,4032,1.0,name,0
10781,3821,1.0,name,0
10783,3891,1.0,name,0
10787,4320,1.0,name,0
10839,5498,1.0,name,0
10840,8832,1.0,name,0
10842,7859,1.0,name,0
10843,7064,1.0,name,0
10940,7860,1.0,name,0
10990,3905,1.0,name,0
10992,4642,1.0,name,0
10993,4235,1.0,name,0
11009,5325,1.0,name,0
11012,4513,1.0,name,0
11031,4224,1.0,name,0
11056,3781,1.0,name,0
11062,3819,1.0,name,0
11063,7507,1.0,name,0
11068,3817,1.0,name,0
11117,4634,1.0,name,0
11119,4918,1.0,name,0
11168,4297,1.0,name,0
11209,4243,1.0,name,0
11232,8777,1.0,name,0
11255,4051,1.0,name,0
11265,4924,1.0,name,0
11338,5302,1.0,name,0
11339,3818,1.0,name,0
11385,3766,1.0,name,0
11388,3743,1.0,name,0
11482,4030,1.0,name,0
11485,4033,1.0,name,0
11499,5202,1.0,name,0
11551,4325,1.0,name,0
11552,4229,1.0,name,0
11553,4747,1.0,name,0
11554,3881,1.0,name,0
11555,4902,1.0,name,0
11593,5329,1.0,name,0
11597,4201,1.0,name,0
11606,4057,1.0,name,0
11607,4745,1.0,name,0
11608,4226,1.0,name,0
11623,6242,1.0,name,0
11629,5327,1.0,name,0
11631,4366,1.0,name,0
11633,4037,1.0,name,0
11636,4039,1.0,name,0
11648,4757,1.0,name,0
11652,5023,1.0,name,0
11704,4574,1.0,name,0
11803,4664,1.0,name,0
11824,6902,1.0,name,0
11825,5499,1.0,name,0
11894,3902,1.0,name,0
11930,4540,1.0,name,0
11969,7838,1.0,name,0
12188,4311,1.0,name,0
12243,4072,1.0,name,0
12252,4714,1.0,name,0
12293,3883,1.0,name,0
12299,4911,1.0,name,0
12300,5752,1.0,name,0
12310,4221,1.0,name,0
12324,4538,1.0,name,0
12328,3890,1.0,name,0
12368,7554,1.0,name,0
12377,5907,1.0,name,0
12378,6110,1.0,name,0
12386,5179,1.0,name,0
12458,6003,1.0,name,0
12463,5906,1.0,name,0
12479,8839,1.0,name,0
12494,6203,1.0,name,0
12495,4321,1.0,name,0
12642,3892,1.0,name,0
12653,9147,1.0,name,0
12687,5919,1.0,name,0
12723,4376,1.0,name,0
12767,6312,1.0,name,0
12790,6110,1.0,name,0
12796,4038,1.0,name,0
12797,4818,1.0,name,0
12803,4414,1.0,name,0
12834,4643,1.0,name,0
12837,9028,1.0,name,0
12839,3903,1.0,name,0
12871,4550,1.0,name,0
12872,4549,1.0,name,0
12941,4534,1.0,name,0
13000,6607,1.0,name,0
13006,4066,1.0,name,0
13089,4817,1.0,name,0
13154,4909,1.0,name,0
13257,3814,1.0,name,0
13258,3820,1.0,name,0
13281,3911,1.0,name,0
13286,3882,1.0,name,0
13289,3875,1.0,name,0
13291,3872,1.0,name,0
13326,3914,1.0,name,0
13336,4034,1.0,name,0
13339,4050,1.0,name,0
13340,4053,1.0,name,0
13349,4071,1.0,name,0
13395,4145,1.0,name,0
13396,4144,1.0,name,0
13397,4143,1.0,name,0
13416,4172,1.0,name,0
13464,4212,1.0,name,0
13484,4316,1.0,name,0
13486,4307,1.0,name,0
13515,4364,1.0,name,0
13516,4368,1.0,name,0
13531,4738,1.0,name,0
13589,4457,1.0,name,0
13652,4512,1.0,name,0
13653,4502,1.0,name,0
13655,4396,1.0,name,0
13656,4397,1.0,name,0
13662,4522,1.0,name,0
13693,4579,1.0,name,0
13764,4663,1.0,name,0
13765,4710,1.0,name,0
13766,4711,1.0,name,0
13820,4761,1.0,name,0
13857,4839,1.0,name,0
13896,3881,1.0,name,0
13923,4903,1.0,name,0
13929,4908,1.0,name,0
13930,4909,1.0,name,0
13950,4681,1.0,name,0
13973,4916,1.0,name,0
13979,4930,1.0,name,0
13981,4926,1.0,name,0
14023,4969,1.0,name,0
14071,5024,1.0,name,0
14109,5070,1.0,name,0
14110,5072,1.0,name,0
14112,5075,1.0,name,0
14150,5098,1.0,name,0
14164,5118,1.0,name,0
14195,5154,1.0,name,0
14217,5184,1.0,name,0
14218,5185,1.0,name,0
14219,5186,1.0,name,0
14220,5187,1.0,name,0
14300,5205,1.0,name,0
14311,5264,1.0,name,0
14317,5274,1.0,name,0
14323,5283,1.0,name,0
14324,5285,1.0,name,0
14326,5288,1.0,name,0
14327,5289,1.0,name,0
14333,5293,1.0,name,0
14334,5301,1.0,name,0
14337,5299,1.0,name,0
14338,5300,1.0,name,0
14362,5326,1.0,name,0
14363,5328,1.0,name,0
14364,5330,1.0,name,0
14389,5345,1.0,name,0
14396,5354,1.0,name,0
14397,5353,1.0,name,0
14419,5380,1.0,name,0
14420,5381,1.0,name,0
14421,5382,1.0,name,0
14439,5404,1.0,name,0
14444,5410,1.0,name,0
14482,5422,1.0,name,0
14536,5490,1.0,name,0
14539,5475,1.0,name,0
14540,5476,1.0,name,0
14541,5477,1.0,name,0
14542,5478,1.0,name,0
14544,5480,1.0,name,0
14567,5513,1.0,name,0
14568,5514,1.0,name,0
14569,5515,1.0,name,0
14570,5516,1.0,name,0
14578,5527,1.0,name,0
14584,5533,1.0,name,0
14587,5536,1.0,name,0
14608,5555,1.0,name,0
14613,5560,1.0,name,0
14614,5561,1.0,name,0
14615,5562,1.0,name,0
14619,5565,1.0,name,0
14639,5588,1.0,name,0
14737,5691,1.0,name,0
14784,5741,1.0,name,0
14785,5738,1.0,name,0
14786,5739,1.0,name,0
14792,5753,1.0,name,0
14820,5782,1.0,name,0
14835,5853,1.0,name,0
14848,5889,1.0,name,0
14849,5890,1.0,name,0
14881,5918,1.0,name,0
14886,5939,1.0,name,0
15052,6112,1.0,name,0
15116,6184,1.0,name,0
15148,6217,1.0,name,0
15184,5422,1.0,name,0
15205,6252,1.0,name,0
15220,6268,1.0,name,0
15225,6278,1.0,name,0
15232,6281,1.0,name,0
15233,7529,1.0,name,0
15245,5568,1.0,name,0
15263,6309,1.0,name,0
15293,6348,1.0,name,0
15305,6361,1.0,name,0
15306,6362,1.0,name,0
15308,6387,1.0,name,0
15309,6386,1.0,name,0
15387,6475,1.0,name,0
15479,6568,1.0,name,0
15507,6592,1.0,name,0
15573,6699,1.0,name,0
15586,6706,1.0,name,0
15587,6708,1.0,name,0
15639,6747,1.0,name,0
15687,6791,1.0,name,0
15705,6799,1.0,name,0
15734,6829,1.0,name,0
15802,6898,1.0,name,0
15805,6901,1.0,name,0
15886,6995,1.0,name,0
15913,7024,1.0,name,0
15919,5936,1.0,name,0
15920,7036,1.0,name,0
15934,7027,1.0,name,0
15991,7069,1.0,name,0
16014,7154,1.0,name,0
16015,7159,1.0,name,0
16017,5907,1.0,name,0
16018,5906,1.0,name,0
16066,7213,1.0,name,0
16067,7214,1.0,name,0
16068,7215,1.0,name,0
16073,7220,1.0,name,0
16076,7224,1.0,name,0
16078,7226,1.0,name,0
16080,7228,1.0,name,0
16081,7229,1.0,name,0
16082,7230,1.0,name,0
16086,7234,1.0,name,0
16087,7235,1.0,name,0
16089,7237,1.0,name,0
16094,7242,1.0,name,0
16095,7243,1.0,name,0
16096,7244,1.0,name,0
16099,7248,1.0,name,0
16100,7249,1.0,name,0
16102,7251,1.0,name,0
16106,7255,1.0,name,0
16113,7193,1.0,name,0
16114,7194,1.0,name,0
16116,7197,1.0,name,0
16118,7200,1.0,name,0
16119,7201,1.0,name,0
16122,7204,1.0,name,0
16123,7205,1.0,name,0
16126,7208,1.0,name,0
16127,7209,1.0,name,0
16128,7210,1.0,name,0
16221,7378,1.0,name,0
16229,7359,1.0,name,0
16282,7441,1.0,name,0
16283,7442,1.0,name,0
16286,7447,1.0,name,0
16287,7448,1.0,name,0
16288,7449,1.0,name,0
16320,7495,1.0,name,0
16321,7496,1.0,name,0
16347,7502,1.0,name,0
16348,7503,1.0,name,0
16438,7553,1.0,name,0
16618,7694,1.0,name,0
16651,7709,1.0,name,0
16718,7807,1.0,name,0
16720,7809,1.0,name,0
16725,8010,1.0,name,0
16742,7836,1.0,name,0
16856,7947,1.0,name,0
16857,7948,1.0,name,0
16934,8011,1.0,name,0
16968,8093,1.0,name,0
17060,8118,1.0,name,0
17181,8217,1.0,name,0
17218,8248,1.0,name,0
17344,8393,1.0,name,0
17716,8770,1.0,name,0
17754,8968,1.0,name,0
17779,8793,1.0,name,0
17780,8794,1.0,name,0
17781,8795,1.0,name,0
17782,8796,1.0,name,0
17783,8797,1.0,name,0
17784,8798,1.0,name,0
17785,8799,1.0,name,0
17786,8800,1.0,name,0
17830,5945,1.0,name,0
17831,3865,1.0,name,0
18120,5147,1.0,name,0
18121,5150,1.0,name,0
18166,8812,1.0,name,0
18357,8295,1.0,name,0
18439,9262,1.0,name,0
